Sigla,Nome do evento,Estrato,quadrienio
AAAI,AAAI Conference on Artificial Intelligence,A1,2021-2024
AAMAS,International Conference on Autonomous Agents and Multiagent Systems,A1,2021-2024
ACCV,Asian Conference on Computer Vision,A1,2021-2024
ACII,International Conference on Affective Computing and Intelligent Interaction,A2,2021-2024
ACISP,Australasian Conference on Information Security and Privacy,A4,2021-2024
ACL,Annual Meeting of the Association for Computational Linguistics,A1,2021-2024
ACMIDC,ACM Internacional Conference on Interaction Design and Children,A2,2021-2024
ACMIMX,ACM International Conference on Interactive Media Experiences,A3,2021-2024
ACMMM,ACM International Conference on Multimedia,A1,2021-2024
ACNS,Applied Cryptography and Network Security,A2,2021-2024
ACSOS,IEEE International Conference on Autonomic Computing and Self-Organizing Systems,A4,2021-2024
ADBIS,East European Conference on Advances in Databases and Information Systems,A3,2021-2024
ADVANCE,International Workshop on Advances in ICT Infrastructures and Services,B4,2021-2024
AI,Canadian Conference on Artificial Intelligence,A3,2021-2024
AICCSA,ACS/IEEE International Conference on Computer Systems and Applications,A4,2021-2024
AICT,International Conference on Application of Information and Communication Technologies,A4,2021-2024
AIDKE,"IEEE International Conference on Artificial Intelligence, Data and Knowledge Engineering",A4,2021-2024
AIED,International Conference on Artificial Intelligence in Education,A2,2021-2024
AIES,"AAAI/ACM Conference on AI, Ethics, and Society",A1,2021-2024
AIIDE,AAAI Conference on Artificial Intelligence and Interactive Digital Entertainment,A3,2021-2024
AIME,Conference on Artificial Intelligence in Medicine,A3,2021-2024
AINA,IEEE International Conference on Advanced Information Networking and Applications,A3,2021-2024
AISTATS,International Conference on Artificial Intelligence and Statistics,A1,2021-2024
AIWARE,ACM International Conference on AI-Powered Software,B3,2021-2024
AlCoB,International Conference on Algorithms for Computational Biology,B2,2021-2024
ALIO/EURO,Joint ALIO/EURO International Conference on Applied Combinatorial Optimization,B4,2021-2024
AMCIS,Americas Conference on Information Systems,A2,2021-2024
ANT,"International Conference on Ambient Systems, Networks and Technologies",B4,2021-2024
ARC,International Symposium on Applied Reconfigurable Computing,B1,2021-2024
ARCS,International Conference on Architecture of Computing Systems,B3,2021-2024
ARES,"International Conference on Availability, Reliability and Security",A2,2021-2024
ASAP,"IEEE International Conference on Application-specific Systems, Architectures and Processors",A3,2021-2024
ASE,IEEE/ACM International Conference on Automated Software Engineering,A1,2021-2024
ASIACRYPT,Annual International Conference on the Theory and Applications of Cryptology and Information Security,A1,2021-2024
ASONAM,IEEE/ACM International Conference on Advances in Social Networks Analysis and Mining,A2,2021-2024
ASP-DAC,Asia and South Pacific Design Automation Conference,A1,2021-2024
AST,IEEE/ACM International Workshop on Automation of Software Testing,B4,2021-2024
ATC,USENIX Annual Technical Conference,A1,2021-2024
ATT,International Workshop on Agents in Traffic and Transportation,B4,2021-2024
AUDIOMOSTLY,Audio Mostly Conference,A4,2021-2024
BCCA,International Conference on Blockchain Computing and Applications,B2,2021-2024
BDCAT,"IEEE/ACM International Conference on Big Data Computing, Applications and Technologies",B2,2021-2024
BDCLOUD,International Conference on Big Data and Cloud Computing,B4,2021-2024
BESC,"International Conference on Behavior, Economic and Social Computing",B3,2021-2024
BIBE,IEEE International Conference on BioInformatics and BioEngineering,A3,2021-2024
BIBM,IEEE International Conference on Bioinformatics and Biomedicine,A3,2021-2024
BIGCOMP,International Conference on Big Data and Smart Computing,A2,2021-2024
BIGDATA,IEEE International Conference on Big Data,A1,2021-2024
BIGMM,IEEE International Conference on Multimedia Big Data,A3,2021-2024
BIOCOMP-WC,International Conference on Bioinformatics & Computational Biology,B4,2021-2024
BioRob,IEEE RAS & EMBS International Conference on Biomedical Robotics and Biomechatronics,A3,2021-2024
BLOCKCHAIN,IEEE International Conference on Blockchain,A1,2021-2024
BMSB,IEEE International Symposium on Broadband Multimedia Systems and Broadcasting,B1,2021-2024
BMSD,International Business Modeling and Software Design Symposium,B1,2021-2024
BMVC,British Machine Vision Conference,A1,2021-2024
BPM,International Conference on Business Process Management,A2,2021-2024
BPMS2,Workshop on Social and Human Aspects of Business Process Management,B4,2021-2024
BRACIS,Brazilian Conference on Intelligent Systems,A3,2021-2024
BRASERO,Brazilian Workshop on Service Robotics,B4,2021-2024
BRASNAM,Brazilian Workshop on Social Network Analysis and Mining,B1,2021-2024
BRESCI,Brazilian e-Science Workshop,B4,2021-2024
BSB,Brazilian Symposium on Bioinformatics,B1,2021-2024
BSN,IEEE-EMBS International Conference on Wearable and Implantable Body Sensor Networks,A3,2021-2024
BTAS,"IEEE International Conference on Biometrics: Theory, Applications, and Systems",A2,2021-2024
BWAIF,Brazilian Workshop on Artificial Intelligence in Finance,B4,2021-2024
CADE,International Conference on Automated Deduction,A3,2021-2024
CAIN,International Conference on AI Engineering – Software Engineering for AI,A4,2021-2024
CAIP,International Conference on Computer Analysis of Images and Patterns,A3,2021-2024
CAISE,International Conference on Advanced Information Systems Engineering,A2,2021-2024
CALDAM,International Conference on Algorithms and Discrete Applied Mathematics,B2,2021-2024
CANDAR,International Symposium on Computing and Networking,B1,2021-2024
CANS,International Conference on Cryptology and Network Security,A4,2021-2024
CASCON,Annual International Conference on Computer Science and Software Engineering,A3,2021-2024
CASE,IEEE Conference on Automation Science and Engineering,A2,2021-2024
CATA,International Conference on Computers and their Applications,B4,2021-2024
CAV,International Conference on Computer Aided Verification,A1,2021-2024
CBA,Congresso Brasileiro de Automática,B3,2021-2024
CBI,IEEE Conference on Business Informatics,A3,2021-2024
CBIC,Congresso Brasileiro de Inteligência Computacional,B4,2021-2024
CBIS,Congresso Brasileiro de Informática em Saúde,B4,2021-2024
CBMI,International Workshop on Content-Based Multimedia Indexing,A4,2021-2024
CBMS,International Symposium on Computer-Based Medical Systems,A2,2021-2024
CC,International Conference on Compiler Construction,A3,2021-2024
CCC,IEEE Conference on Computational Complexity,A3,2021-2024
CCCG,Canadian Conference on Computational Geometry,B3,2021-2024
CCECE,Canadian Conference on Electrical and Computer Engineering,A2,2021-2024
CCGRID,"IEEE/ACM International Symposium on Cluster, Cloud and Grid Computing",A2,2021-2024
CCNC,Annual IEEE Consumer Communications & Networking Conference,A2,2021-2024
CCS,ACM Symposium on Computer and Communications Security,A1,2021-2024
CDC,IEEE Conference on Decision and Control,A1,2021-2024
CEC,IEEE Congress on Evolutionary Computation,A1,2021-2024
CF,ACM International Conference on Computing Frontiers,A3,2021-2024
CGI,Computer Graphics International Conference,B1,2021-2024
CGO,International Symposium on Code Generation and Optimization,A2,2021-2024
CHASE,International Workshop on Cooperative and Human Aspects of Software Engineering,A4,2021-2024
CHI,ACM Conference on Human Factors in Computing Systems,A1,2021-2024
CHIPlay,ACM SIGCHI Annual Symposium on Computer-Human Interaction in Play,A2,2021-2024
CIAC,International Conference on Algorithms and Complexity,B4,2021-2024
CIARP,Iberoamerican Congress on Pattern Recognition,A4,2021-2024
CIBCB,IEEE Conference on Computational Intelligence in Bioinformatics and Computational Biology,A3,2021-2024
CIbSE,Conferencia Iberoamericana de Software Engineering,B1,2021-2024
CICLING,International Conference on Intelligent Text Processing and Computational Linguistics,B4,2021-2024
CIDI,Congresso Internacional de Design da Informação,B4,2021-2024
CIKM,ACM International Conference on Information and Knowledge Management,A1,2021-2024
CILAMCE,Iberian Latin American Congress on Computational Methods,B4,2021-2024
CISTI,Iberian Conference on Information Systems and Technologies,A3,2021-2024
CIT,IEEE International Conference on Information Technology,A2,2021-2024
CLAIO,Latin-Ibero-American Conference on Operations Research,B4,2021-2024
CLEF,Conference and Labs of the Evaluation Forum,A4,2021-2024
CLEI,Conferencia Latinoamericana de Informática,B2,2021-2024
CLIHC,Latin American Conference on Human Computer Interaction,B3,2021-2024
CLOSER,International Conference on Cloud Computing and Services Science,A3,2021-2024
CLOUD,IEEE International Conference on Cloud Computing,A2,2021-2024
CLOUDCOM,IEEE International Conference on Cloud Computing Technology and Science,B1,2021-2024
CLOUDNET,IEEE International Conference on Cloud Networking,A4,2021-2024
CLUSTER,IEEE International Conference on Cluster Computing,A3,2021-2024
CMMR,International Symposium on Computer Music Multidisciplinary Research,B2,2021-2024
CMN,Congress on Numerical Methods in Engineering,B4,2021-2024
CNMAC,Congresso Nacional de Matemática Aplicada e Computacional,B4,2021-2024
CNSM,International Conference on Network and Service Management,A3,2021-2024
COCOA,International Conference on Combinatorial Optimization and Applications,B2,2021-2024
COCOON,International Computing and Combinatorics Conference,B2,2021-2024
COG,Conference on Games,A2,2021-2024
COLING,International Conference on Computational Linguistics,A1,2021-2024
CoMeSySo,Computational Methods in Systems and Software,A3,2021-2024
COMPLEXNETWORKS,International Conference on Complex Networks and Their Applications,A4,2021-2024
COMPSAC,IEEE Computer Software and Applications Conference,A2,2021-2024
COMSNETS,International Conference on Communication Systems & NetworkS,A2,2021-2024
CONEXT,Conference on Emerging Network Experiment and Technology,A1,2021-2024
CoNLL,Conference on Natural Language Learning,A1,2021-2024
CONTECSI,International Conference on Information Systems and Technology Management,B4,2021-2024
COOPIS,International Conference on Cooperative Information Systems,B1,2021-2024
COURB,Workshop of Urban Computing,B4,2021-2024
CPAIOR,"International Conference on Integration of Constraint Programming, Artificial Intelligence, and Operations Research",A4,2021-2024
CRTL+E,Congresso sobre Tecnologias na Educação,B3,2021-2024
CSCW,ACM Conference on Computer Supported Cooperative Work & Social Computing,A3,2021-2024
CSCWD,IEEE International Conference on Computer Supported Cooperative Work in Design,A3,2021-2024
CSE,International Conference on Computational Science and Engineering,B1,2021-2024
CSEDU,International Conference on Computer Supported Education,A3,2021-2024
CSF,IEEE Computer Security Foundations Symposium,A3,2021-2024
CSNet,Cyber Security in Networking Conference,B1,2021-2024
CSR,IEEE International Conference on Cyber Security and Resilience,B1,2021-2024
CVPR,IEEE Conference on Computer Vision and Pattern Recognition,A1,2021-2024
CVPR-E,IEEE Conference on Computer Vision and Pattern Recognition Companion,A3,2021-2024
DAC,Design Automation Conference,A1,2021-2024
DARS,International Symposium on Distributed Autonomous Robotic Systems,B3,2021-2024
DASFAA,International Conference on Database Systems for Advanced Applications,A3,2021-2024
DATA,"International Conference on Data Science, Technology and Applications",A1,2021-2024
DATE,"Design, Automation and Test in Europe Conference and Exhibition",A1,2021-2024
DAWAK,International Conference on Big Data Analytics and Knowledge Discovery,B1,2021-2024
DBSEC,IFIP WG 11.3 Conference on Data and Applications Security and Privacy,A4,2021-2024
DCOSS,International Conference on Distributed Computing in Sensor Systems,A2,2021-2024
DEXA,International Conference on Database and Expert Systems Applications,A3,2021-2024
DFTVS,IEEE International Symposium on Defect and Fault Tolerance in VLSI Systems,A3,2021-2024
DGMM,Discrete Geometry and Mathematical Morphology,A4,2021-2024
DGO,Annual International Conference on Digital Government Research,A2,2021-2024
DL,International Workshop on Description Logics,A4,2021-2024
DMSVIVA,International DMS Conference on Visualization and Visual Languages,B4,2021-2024
DOCENG,ACM Symposium on Document Engineering,B1,2021-2024
DRCN,International Conference on the Design of Reliable Communication Networks,B1,2021-2024
DS-RT,IEEE/ACM International Symposium on Distributed Simulation and Real-Time Applications,B1,2021-2024
DSAA,IEEE International Conference on Data Science and Advanced Analytics,A2,2021-2024
DSAI,International Conference on Software Development for Enhancing Accessibility and Fighting Info-exclusion,B4,2021-2024
DSD,"Euromicro Conference on Digital System Design, Architectures, Methods and Tools",A3,2021-2024
DSN,Annual IEEE/IFIP International Conference on Dependable Systems and Networks,A1,2021-2024
DSW,Dataset Showcase Workshop,B4,2021-2024
EAAAI,International Conference on Engineering Applications and Advances of Artificial Intelligence,A4,2021-2024
EACL,Conference of the European Chapter of the Association for Computational Linguistics,A1,2021-2024
EAIS,IEEE International Conference on Evolving and Adaptive Intelligent Systems,B3,2021-2024
EASE,International Conference on Evaluation and Assessment in Software Engineering,A2,2021-2024
EATIS,Euro American Conference on Telematics and Information Systems,B2,2021-2024
EC-TEL,European Conference on Technology Enhanced Learning,A3,2021-2024
ECAI,European Conference on Artificial Intelligence,A1,2021-2024
ECC,European Control Conference,A2,2021-2024
ECCV,European Conference on Computer Vision,A1,2021-2024
ECIS,European Conference on Information Systems,A1,2021-2024
ECML,European Conference on Machine Learning and Principles and Practice of Knowledge Discovery in Databases,A1,2021-2024
ECMR,European Conference on Mobile Robots,A3,2021-2024
ECOOP,European Conference on Object-Oriented Programming,A3,2021-2024
ECSA,European Conference on Software Architecture,A3,2021-2024
ECSCW,European Conference on Computer Supported Cooperative Work,A4,2021-2024
ECSQARU,European Conference on Symbolic and Quantitative Approaches to Reasoning and Uncertainty,B1,2021-2024
EDBT,International Conference on Extending Database Technology,A3,2021-2024
EDCC,European Dependable Computing Conference,A4,2021-2024
EDGE,EEE International Conference on Edge Computing and Communications,A4,2021-2024
EDM,International Conference on Educational Data Mining,A2,2021-2024
EDOC,IEEE International Enterprise Distributed Object Computing Conference,A3,2021-2024
EDUCOMP,Simpósio Brasileiro de Educação em Computação,B1,2021-2024
EDUCON,IEEE Global Engineering Education Conference,A2,2021-2024
EDULEARN,International Conference on Education and New Learning Technologies,A3,2021-2024
EGOV,International Conference on Electronic Government,A3,2021-2024
EGOVIS,International Conference on Electronic Government and the Information Systems Perspective,B3,2021-2024
EMAS,International Workshop on Engineering Multiagent Systems,B4,2021-2024
EMBC,Annual International Conference of the IEEE Engineering in Medicine and Biology Society,A1,2021-2024
EMBS,IEEE-EMBS International Conference on Biomedical and Health Informatics,A3,2021-2024
EMO,International Conference on Evolutionary Multi-Criterion Optimization,A4,2021-2024
ENANPAD,Encontro Nacional da Associação Nacional de Pós-Graduação e Pesquisa em Administração,B4,2021-2024
ENASE,International Conference on Evaluation of Novel Approaches to Software Engineering,A4,2021-2024
ENIAC,Encontro Nacional de Inteligencia Artificial e Computacional,A4,2021-2024
EPIA,Portuguese Conference on Artificial Intelligence,A4,2021-2024
ER,International Conference on Conceptual Modeling,A3,2021-2024
ESA,European Symposium on Algorithms,A2,2021-2024
ESANN,"European Symposium on Artificial Neural Networks, Computational Intelligence and Machine Learning",A4,2021-2024
ESCIENCE,IEEE International Conference on e-Science,A3,2021-2024
ESEM,ACM/IEEE International Symposium on Empirical Software Engineering and Measurement,A2,2021-2024
ESMARTA,International Conference on Emerging Smart Technologies and Applications,B2,2021-2024
ETC,Encontro de Teoria da Computação,B4,2021-2024
ETFA,IEEE International Conference on Emerging Technologies and Factory Automation,A2,2021-2024
ETS,IEEE European Test Symposium,A4,2021-2024
EuCNC,European Conference on Networks and Communications,A3,2021-2024
EURO,European Conference on Operational Research,B4,2021-2024
EUROCOMB,"European Conference on Combinatorics, Graph Theory and Applications",B2,2021-2024
EUROPAR,European Conference on Parallel Computing,A3,2021-2024
EuroPloP,European Conference on Pattern Languages of Programs,B1,2021-2024
EuroSPI,European Conference on Software Process Improvement,A4,2021-2024
EUROSYS,European Conference on Computer Systems,A1,2021-2024
EUSFLAT,Conference of the European Society for Fuzzy Logic and Technology,B2,2021-2024
EUSIPCO,European Signal Processing Conference,A1,2021-2024
EUVIP,European Workshop on Visual Information Processing,B1,2021-2024
EVOAPPLICATIONS,European Conference on the Applications of Evolutionary Computation,A4,2021-2024
EVOCOP,European Conference on Evolutionary Computation in Combinatorial Optimization,B3,2021-2024
FACCT,"ACM Conference on Fairness, Accountability, and Transparency",A1,2021-2024
FACS,International Conference on Formal Aspects of Component Software,B2,2021-2024
FASE,International Conference on Fundamental Approaches to Software Engineering,A3,2021-2024
FAST,USENIX Conference on File and Storage Technologies,A1,2021-2024
FC,International Conference on Financial Cryptography and Data Security,A1,2021-2024
FCT,International Symposium on Fundamentals of Computation Theory,B4,2021-2024
FDG,International Conference on Foundations of Digital Games,A2,2021-2024
FEDCSIS,Federated Conference on Computer Science and Information Systems,A3,2021-2024
FGR,IEEE International Conference on Automatic Face and Gesture Recognition,A1,2021-2024
FiCloud,International Conference on Future Internet of Things and Cloud,B1,2021-2024
FIE,IEEE Frontiers in Education Conference,A2,2021-2024
FIT,International Conference on Forntiers of Information Technology,B1,2021-2024
FLAIRS,International Florida Artificial Intelligence Conference,A4,2021-2024
FMCAD,International Conference on Formal Methods in Computer-Aided Design,A3,2021-2024
FOIS,International Conference on Formal Ontology in Information Systems,B4,2021-2024
FOSSACS,International Conference on Foundations of Software Science and Computation Structures,A4,2021-2024
FSCD,International Conference on Formal Structures for Computation and Deduction,A4,2021-2024
FSE/ESEC,Joint Meeting on European Software Engineering Conference and Foundations of Software Engineering,A1,2021-2024
FSEN,International Conference on Fundamentals of Software Engineering,B3,2021-2024
FTC,Future Technologies Conference,A3,2021-2024
FUSION,International Conference on Information Fusion,A3,2021-2024
FUZZ,IEEE International Conference on Fuzzy Systems,A2,2021-2024
GAS,International Workshop on Games and Software Engineering,B3,2021-2024
GECCO,Genetic and Evolutionary Computation Conference,A1,2021-2024
GECON,"International Conference on Economics of Grids, Clouds, Systems and Services",B3,2021-2024
GEM,"IEEE Games, Entertainment, Media Conference",B3,2021-2024
GEOINFO,Brazilian Symposium on GeoInformatics,B2,2021-2024
GEOPROCESSING-IARIA,"IARIA International Conference on Advanced Geographic Information Systems, Applications, and Services",B3,2021-2024
GIIS,Global Information Infrastructure and Networking Symposium,B3,2021-2024
GLOBECOM,IEEE Global Communications Conference,A1,2021-2024
GPCE,ACM International Conference on Generative Programming: Concepts and Experiences,B1,2021-2024
GRAPP,International Conference on Computer Graphics Theory and Applications,B1,2021-2024
GROUP,International Conference on Supporting Group Work,A4,2021-2024
HAIS,International Conference on Hybrid Artificial Intelligence Systems,B2,2021-2024
HCSE,International Conference on Human-Centered Software Engineering,B4,2021-2024
HEALTHCOM,"IEEE International Conference on E-health Networking, Application & Services",A3,2021-2024
HEALTHINF,International Conference on Health Informatics,A3,2021-2024
HICSS,Hawaii International Conference on System Sciences,A1,2021-2024
HIMS,International Conference on Health Informatics and Medical Systems,B4,2021-2024
HIPC,"IEEE International Conference on High Performance Computing, Data and Analytics",A4,2021-2024
HIS,International Conference on Hybrid Intelligent Systems,A4,2021-2024
HPCS,International Conference on High Performance Computing & Simulation,B1,2021-2024
HS,Haskell Symposium,B3,2021-2024
HT,ACM Conference on Hypertext and Social Media,A3,2021-2024
HUMANOIDS,IEEE RAS International Conference on Humanoid Robot,A3,2021-2024
I2MTC,IEEE International Instrumentation and Measurement Technology Conference,A3,2021-2024
I3E,"IFIP International Conference on e-Business, e-Services, and e-Society",A2,2021-2024
IAS,Industry Applications Society Annual Meeting,B1,2021-2024
IBERAMIA,Ibero-American Conference on Artificial Intelligence,B4,2021-2024
IBERCHIP,Workshop Iberchip,B4,2021-2024
IBERSPEECH,Iberspeech Conference,B4,2021-2024
IBPRIA,Iberian Conference on Pattern Recognition and Image Analysis,B1,2021-2024
IC2E,IEEE International Conference on Cloud Engineering,A4,2021-2024
IC3K,"International Joint Conference on Knowledge Discovery, Knowledge Engineering and Knowledge Management",B2,2021-2024
ICAART,International Conference on Agents and Artificial Intelligence,A3,2021-2024
ICAI,International Conference on Applied Informatics,B1,2021-2024
ICAISC,International Conference on Artificial Intelligence and Soft Computing,A4,2021-2024
ICAIWC,International Conference on Artificial Intelligence,A4,2021-2024
ICALP,"International Colloquium on Automata, Languages, and Programming",A2,2021-2024
ICALT,IEEE International Conference on Advanced Learning Technologies,A3,2021-2024
ICANN,International Conference on Artificial Neural Networks,A2,2021-2024
ICAPS,International Conference on Automated Planning and Scheduling,A1,2021-2024
ICAR,International Conference on Advanced Robotics,A3,2021-2024
ICARCV,"International Conference on Control, Automation, Robotics and Vision",B1,2021-2024
ICASSP,"IEEE International Conference on Acoustics, Speech and Signal Processing",A1,2021-2024
ICB,International Conference on Biometrics,A2,2021-2024
ICBC,IEEE International Conference on Blockchain and Cryptocurrency,A1,2021-2024
ICC,IEEE International Conference on Communications,A1,2021-2024
ICC-E,International Conference on Communications Companion,A3,2021-2024
ICCABS,International Conference on Computational Advances in Bio and Medical Sciences,B1,2021-2024
ICCAR,"International Conference on Control, Automation and Robotics",A3,2021-2024
ICCCN,International Conference on Computer Communications and Networks,A2,2021-2024
ICCD,International Conference on Computer Design,A3,2021-2024
ICCE-EDU,International Conference on Computers in Education,B1,2021-2024
ICCHP,International Conference on Computers Helping People with Special Needs,B1,2021-2024
ICCL2,International Conference on Computational Logistics,B2,2021-2024
ICCP,IEEE International Conference on Intelligent Computer Communication and Processing,B1,2021-2024
ICCS,International Conference on Computational Science,B4,2021-2024
ICCSA,International Conference on Computational Science and Its Applications,A2,2021-2024
ICCV,IEEE International Conference on Computer Vision,A1,2021-2024
ICCV-E,IEEE International Conference on Computer Vision Companion,A3,2021-2024
ICDAR,International Conference on Document Analysis and Recognition,A1,2021-2024
ICDCS,International Conference on Distributed Computing Systems,A1,2021-2024
ICDE,IEEE International Conference on Data Engineering,A1,2021-2024
ICDIP,International Conference on Digital Image Processing,B2,2021-2024
ICDM,IEEE International Conference on Data Mining,A1,2021-2024
ICEC,IFIP International Conference on Entertainment Computing,A4,2021-2024
ICECS,"IEEE International Conference on Electronics, Circuits and Systems",A3,2021-2024
ICEGOV,International Conference on Theory and Practice of Eletronic Governance,A4,2021-2024
ICEIS,International Conference on Enterprise Information Systems,A3,2021-2024
ICFCA,International Conference on Formal Concept Analysis,B4,2021-2024
ICFEM,International Conference on Formal Engineering Methods,A4,2021-2024
ICGI,International Conference on Grammatical Inference,B3,2021-2024
ICGJ,"International Conference on Game Jams, Hackathons, and Game Creation Events",B2,2021-2024
ICHI,IEEE International Conference on Healthcare Informatics,A3,2021-2024
ICIAP,International Conference on Image Analysis and Processing,A3,2021-2024
ICIAR,International Conference on Image Analysis and Recognition,A4,2021-2024
ICICS,International Conference on Information and Communications Security,A4,2021-2024
ICINCO,"International Conference on Informatics in Control, Automation and Robotics",B1,2021-2024
ICIOT,International Conference on the Internet of Things,B1,2021-2024
ICIP,IEEE International Conference on Image Processing,A1,2021-2024
ICISS,International Conference on Information Systems Security,B4,2021-2024
ICIT,IEEE International Conference on Industrial Technology,A2,2021-2024
ICIT&S,International Conference on Information Technology & Systems,A4,2021-2024
ICITE,International Conference on Information Technology and Education,A4,2021-2024
ICITS,International Conference on Information Theoretic Security,B4,2021-2024
ICIVC,"International Conference on Image, Vision and Computing",A4,2021-2024
ICKG,IEEE International Conference on Knowledge Graph,B2,2021-2024
ICL,International Conference on Interactive Collaborative Learning,A4,2021-2024
ICLR,International Conference on Learning Representations,A1,2021-2024
ICMC,International Computer Music Conference,B2,2021-2024
ICME-E,IEEE International Conference on Multimedia and Expo Companion,A3,2021-2024
ICML,International Conference on Machine Learning,A1,2021-2024
ICMLA,IEEE International Conference on Machine Learning and Applications,A1,2021-2024
ICMLC,International Conference on Machine Learning and Computing,A4,2021-2024
ICMR,ACM International Conference on Multimedia Retrieval,A2,2021-2024
ICNC,"International Conference on Computing, Networking and Communications",A2,2021-2024
ICNSC,"IEEE International Conference on Networking, Sensing and Control",A4,2021-2024
ICOIN,International Conference on Information Networking,A3,2021-2024
ICOMP,International Conference on Internet Computing and Internet of Things,B4,2021-2024
ICONIP,International Conference on Neural Information Processing,A2,2021-2024
ICPADS,International Conference on Parallel and Distributed Systems,A3,2021-2024
ICPC,International Conference on Program Comprehension,A2,2021-2024
ICPE,International Conference on Performance Engineering,A3,2021-2024
ICPP,International Conference on Parallel Processing,A3,2021-2024
ICPR,International Conference on Pattern Recognition,A1,2021-2024
ICPRAM,International Conference on Pattern Recognition Applications and Methods,B3,2021-2024
ICRA,IEEE International Conference on Robotics and Automation,A1,2021-2024
ICRAE,International Conference on Robotics and Automation Engineering,B3,2021-2024
ICS,International Conference on Supercomputing,A2,2021-2024
ICSA,International Conference on Software Architecture,A2,2021-2024
ICSC,International Conference on Semantic Computing,A3,2021-2024
ICSE,International Conference on Software Engineering,A1,2021-2024
ICSE-E,International Conference on Software Engineering Companion,A3,2021-2024
ICSE-NIER,ACM International Conference on Software Engineering: New Ideas and Emerging Results,A3,2021-2024
ICSE-SEET,ACM International Conference on Software Engineering: Software Engineering Education and Training,B1,2021-2024
ICSE-SEIP,ACM International Conference on Software Engineering: Software Engineering in Practice,A1,2021-2024
ICSE-SEIS,International Conference on Software Engineering: Software Engineering in Society,B1,2021-2024
ICSESS,International Conference on Software Engineering and Service Science,A4,2021-2024
ICSI,International Conference on Swarm Intelligence,B1,2021-2024
ICSME,IEEE International Conference on Software Maintenance and Evolution,A2,2021-2024
ICSOB,International Conference on Software Business,B1,2021-2024
ICSOFT,International Conference on Software Technologies,B1,2021-2024
ICSSP,International Conference on Software and Systems Process,B3,2021-2024
ICSTV,"IEEE International Conference on Software Testing, Verification and Validation",A2,2021-2024
ICT,International Conference on Telecommunications,A4,2021-2024
ICTAC,International Colloquium on Theoretical Aspects of Computing,B1,2021-2024
ICTAI,IEEE International Conference on Tools with Artificial Intelligence,A2,2021-2024
ICTD,International Conference on Information & Communication Technologies and Development,A3,2021-2024
ICTIR,Conference on the Theory of Information Retrieval,A3,2021-2024
ICTON,International Conference on Transparent Optical Networks,A4,2021-2024
ICTSS,IFIP International Conference on Testing Software and Systems,A3,2021-2024
ICUAS,International Conference on Unmanned Aircraft Systems,A2,2021-2024
ICUMT,International Conference on Ultra Modern Telecommunications,A4,2021-2024
ICWN,International Conference on Wireless Networks,A4,2021-2024
ICWSM,International AAAI Conference on Web and Social Media,A1,2021-2024
IDA,International Symposium on Intelligent Data Analysis,B1,2021-2024
IDEAL,International Conference on Intelligent Data Engineering and Automated Learning,B1,2021-2024
IDEAS,International Database Engineering and Applications Symposium,A3,2021-2024
IECON,Annual Conference of the IEEE Industrial Electronics Society,A2,2021-2024
IEEE IST,IEEE International Conference on Imaging Systems and Techniques,A4,2021-2024
IEEECloudS,IEEE Cloud Summit,B2,2021-2024
IEEENANO,IEEE Conference on Nanotechnology,B1,2021-2024
IEEESCC,IEEE International Conference on Services Computing,A4,2021-2024
IESS,IFIP International Embedded Systems Symposium,B4,2021-2024
IFAC,World Congress of the International Federation of Automatic Control,A1,2021-2024
IFSA,World Congress of International Fuzzy Systems Association,B3,2021-2024
IGARSS,IEEE International Geoscience and Remote Sensing Symposium,A1,2021-2024
IHC,Simpósio Brasileiro sobre Fatores Humanos em Sistemas Computacionais,A3,2021-2024
IISA,"International Conference on Information, Intelligence, Systems and Applications",A3,2021-2024
IISWC,IEEE International Symposium on Workload Characterization,A3,2021-2024
IIWAS,International Conference on Information Integration and Web-based Applications & Services,A3,2021-2024
IJCAI,International Joint Conference on Artificial Intelligence,A1,2021-2024
IJCAR,International Joint Conference on Automated Reasoning,A4,2021-2024
IJCNLP,International Joint Conference on Natural Language Processing,A2,2021-2024
IJCNN,IEEE International Joint Conference on Neural Networks,A1,2021-2024
ILP,International Conference on Inductive Logic Programming,B3,2021-2024
IM,IFIP/IEEE International Symposium on Integrated Network Management,A2,2021-2024
IMBSA,International Symposium on Model-Based Safety and Assessment,B2,2021-2024
IMC,ACM Internet Measurement Conference,A1,2021-2024
IMOC,SBMO/IEEE MTT-S International Microwave and Optoelectronics Conference,B3,2021-2024
INDIN,IEEE International Conference on Industrial Informatics,A3,2021-2024
INDUSCON,International Conference on Industry Applications,B2,2021-2024
INFOCOM,IEEE International Conference on Computer Communications,A1,2021-2024
INFOCOM-E,IEEE International Conference on Computer Communications Companion,A3,2021-2024
INLG,International Natural Language Generation conference,A2,2021-2024
INOC,International Network Optimization Conference,B3,2021-2024
INSCIT,"International Symposium on Instrumentation Systems, Circuits and Transducers",B4,2021-2024
INTELLISYS,SAI Intelligent Systems Conference,A3,2021-2024
INTERACT,IFIP TC 13 International Conference on Human-Computer Interaction,A3,2021-2024
INTERSPEECH,Conference of the International Speech Communication Association,A1,2021-2024
IOLTS,IEEE International On-Line Testing Symposium,A4,2021-2024
IoTBDS,International Conference on Internet of Things and Big Data and Security,B1,2021-2024
IPAW,International Provenance and Annotation Workshop,B3,2021-2024
IPCO,Conference on Integer Programming and Combinatorial Optimization,A3,2021-2024
IPDPS,IEEE International Parallel & Distributed Processing Symposium,A1,2021-2024
IPDPS-E,IEEE International Parallel & Distributed Processing Symposium Companion,A3,2021-2024
IPEC,International Symposium on Parameterized and Exact Computation,A3,2021-2024
IPMU,International Conference on Information Processing and Management of Uncertainty,B1,2021-2024
IPTA,International Conference on Image Processing Theory Tools and Applications,A4,2021-2024
IRC,IEEE International Conference on Robotic Computing,A3,2021-2024
IROS,IEEE/RSJ International Conference on Intelligent Robots and Systems,A1,2021-2024
ISAAC,International Symposium on Algorithms and Computation,A3,2021-2024
ISADS,International Symposium on Autonomous Decentralized Systems,A4,2021-2024
ISBI,IEEE International Symposium on Biomedical Imaging,A1,2021-2024
ISBRA,International Symposium on Bioinformatics Research and Applications,B2,2021-2024
ISC,International Conference on Information Security,B1,2021-2024
ISC2,IEEE International Smart Cities Conference,A3,2021-2024
ISCAS,IEEE International Symposium on Circuits and Systems,A1,2021-2024
ISCC,International Symposium on Computers and Communications,A2,2021-2024
ISCO,International Symposium on Combinatorial Optimization,B3,2021-2024
ISCRAM,International Conference on Information Systems for Crisis Response and Management,A4,2021-2024
ISE,Workshop Brasileiro de Engenharia de Software Inteligente,B4,2021-2024
ISGT,IEEE PES Innovative Smart Grid Technologies,A2,2021-2024
ISGT-Europe,IEEE PES Innovative Smart Grid Technologies Conference Europe,A3,2021-2024
ISGT-LA,IEEE PES Innovative Smart Grid Technologies Latin America,A4,2021-2024
ISIE,IEEE International Symposium on Industrial Electronics,A3,2021-2024
ISIPTA,International Symposium on Imprecise Probabilities: Theories and Applications,B4,2021-2024
ISLA,Information Systems in Latin America,B4,2021-2024
ISM,IEEE International Symposium on Multimedia,A3,2021-2024
ISMAR,IEEE International Symposium on Mixed and Augmented Reality,A1,2021-2024
ISMIR,International Society for Music Information Retrieval Conference,A1,2021-2024
ISMSI,"International Conference on Intelligent Systems, Metaheuristics & Swarm Intelligence",B2,2021-2024
ISMVL,IEEE International Symposium on Multiple-Valued Logic,B1,2021-2024
ISNN,International Symposium on Neural Networks,B1,2021-2024
ISORC,IEEE International Symposium on RealTime Distributed Computing,A4,2021-2024
ISPASS,IEEE International Symposium on Performance Analysis of Systems and Software,A3,2021-2024
ISPDC,International Symposium on Parallel and Distributed Computing,B1,2021-2024
ISPRS,"ISPRS Annals of the Photogrammetry, Remote Sensing and Spatial Information Sciences",A2,2021-2024
ISQED,International Symposium on Quality Electronic Design,A3,2021-2024
ISSI,International Society of Scientometrics and Informetrics Conference,A4,2021-2024
ISSRE,IEEE International Symposium on Software Reliability Engineering,A2,2021-2024
ISSRE-E,IEEE International Symposium on Software Reliability Engineering Companion,B1,2021-2024
ISSTA,International Symposium on Software Testing and Analysis,A1,2021-2024
ISTAR,International i*Workshop,B4,2021-2024
ISVC,International Symposium on Visual Computing,A4,2021-2024
ISVLSI,IEEE Computer Society Annual Symposium on VLSI,A3,2021-2024
ISWCS,International Symposium on Wireless Communication Systems,A3,2021-2024
ITC,International Test Conference,A4,2021-2024
ITHET,International Conference on Information Technology Based Higher Education and Training,B2,2021-2024
ITICSE,Joint Conference on Innovation and Technology in Computer Science Education,A1,2021-2024
ITNG,International Conference on Information Technology : New Generations,A4,2021-2024
ITP,International Conference on Interactive Theorem Proving,A3,2021-2024
ITS,International Conference on Augmented Intelligence and Intelligent Tutoring Systems,A3,2021-2024
ITSC,IEEE International Conference on Intelligent Transportation Systems,A1,2021-2024
IUI,International Conference on Intelligent User Interfaces,A1,2021-2024
IV,International Conference on Information Visualization,A4,2021-2024
IVAPP,International Conference on Information Visualization Theory and Applications,A4,2021-2024
IVS,IEEE Intelligent Vehicles Symposium,A1,2021-2024
IWANN,International Work-Conference on Artificial Neural Networks,A4,2021-2024
IWBBIO,International Work-Conference on Bioinformatics and Biomedical Engineering,A4,2021-2024
IWCMC,International Wireless Communications and Mobile Computing Conference,A1,2021-2024
IWOCA,International Workshop on Combinatorial Algorithms,B2,2021-2024
IWSECO,International Workshop on Software Ecosystems,B3,2021-2024
IWSSIP,"International Conference on Systems, Signals and Image Processing",A3,2021-2024
jAUTI,Iberoamerican Conference on Applications and Usability of Interactive TV,B4,2021-2024
JCDL,ACM/IEEE Joint Conference on Digital Libraries,A3,2021-2024
JSSPP,Workshop on Job Scheduling Strategies for Parallel Processing,B2,2021-2024
JURIX,International Conference on Legal Knowledge and Information Systems,A4,2021-2024
KDD,ACM SIGKDD Conference on Knowledge Discovery and Data Mining,A1,2021-2024
KDMILE,"Symposium on Knowledge Discovery, Mining and Learning",B2,2021-2024
KEPS,Workshop on Knowledge Engineering for Planning and Scheduling,B4,2021-2024
KR,International Conference on Principles of Knowledge Representation and Reasoning,A3,2021-2024
L@S,ACM Conference on Learning @ Scale,A3,2021-2024
LA-CCI,Latin American Conference on Computational Intelligence,B2,2021-2024
LACLO,Latin American Conference on Learning Technologies,B1,2021-2024
LADC,Latin-American Symposium on Dependable and Secure Computing,A4,2021-2024
LAGOS,"Latin-American Algorithms, Graphs and Optimization Symposium",B4,2021-2024
LAK,International Learning Analytics and Knowledge Conference,A1,2021-2024
LANC,Latin American Networking Conference,A3,2021-2024
LARS,IEEE Latin American Robotics Symposium,A4,2021-2024
LASCAS,IEEE Latin American Symposium on Circuits and Systems,A3,2021-2024
LATIN,Latin American Theoretical Informatics Symposium,A3,2021-2024
LATINCOM,IEEE Latin-American Conference on Communications,B1,2021-2024
LATINCRYPT,International Conference on Cryptology and Information Security in Latin America,A4,2021-2024
LATINOWARE,Congresso Latino-americano de Software Livre e Tecnologias Abertas,B4,2021-2024
LATS,IEEE Latin American Test Symposium,B1,2021-2024
LAW,Linguistic Annotation Workshop,B2,2021-2024
LCN,IEEE Conference on Local Computer Networks,A3,2021-2024
LIDTA,Workshop on Learning with Imbalanced Domains: Theory and Applications,B3,2021-2024
LREC,International Conference on Language Resources and Evaluation,A1,2021-2024
MABS,International Workshop on Multi-Agent Based Simulation,B3,2021-2024
MASCOTS,"International Symposium on the Modeling, Analysis, and Simulation of Computer and Telecommunication Systems",A4,2021-2024
MEDINFO,World Congress on Medical and Health Informatics,A1,2021-2024
MEMEA,IEEE International Symposium on Medical Measurements and Applications,A3,2021-2024
MEMSYS,International Symposium on Memory Systems,A4,2021-2024
MFCS,International Symposium on Mathematical Foundations of Computer Science,A3,2021-2024
MFI,IEEE International Conference on Multisensor Fusion and Integration for Intelligent Systems,A4,2021-2024
MIC,Metaheuristics International Conference,B3,2021-2024
MICAI,Mexican International Conference on Artificial Intelligence,B1,2021-2024
MICCAI,International Conference on Medical Image Computing and Computer Assisted Intervention,A1,2021-2024
MIDDLEWARE,International Middleware Conference,A3,2021-2024
MILCOM,Military Communications Conference,A3,2021-2024
MLDM,International Conference on Machine Learning and Data Mining in Pattern Recognition,B4,2021-2024
MLS,Conference on Machine Learning and Systems,A1,2021-2024
MLSP,IEEE International Workshop on Machine Learning for Signal Processing,A3,2021-2024
MMAR,International Conference on Methods and Models in Automation and Robotics,B2,2021-2024
MMM,International Conference on Multimedia Modelling,A2,2021-2024
MMSP,International Workshop on Multimedia and Signal Processing,A3,2021-2024
MMSYS,ACM Multimedia Systems Conference,A2,2021-2024
MOBICOM,ACM/IEEE International Conference on Mobile Computing and Networking,A1,2021-2024
MOBIHEALTH,EAI International Conference on Wireless Mobile Communication and Healthcare,B3,2021-2024
MOBILESOFT,International Conference on Mobile Software Engineering and Systems,B2,2021-2024
MOBIQUITOUS,"EAI International Conference on Mobile and Ubiquitous Systems: Computing, Networking and Services",A4,2021-2024
MobiSys,"Annual International Conference on Mobile Systems, Applications, and Services",A1,2021-2024
MOBIWAC,ACM International Symposium on Mobility Management and Wireless Access,B3,2021-2024
MODELS,International Conference on Model Driven Engineering Languages and Systems,A2,2021-2024
MODELSWARD,International Conference on Model-Driven Engineering and Software Development,B1,2021-2024
MSR,Working Conference on Mining Software Repositories,A1,2021-2024
MSSIS,Workshop deModelagem e Simulação de Sistemas Intensivos em Software,B4,2021-2024
MSWIM,"ACM International Conference on Modeling, Analysis and Simulation of Wireless and Mobile Systems",A4,2021-2024
MTSR,International Conference on Metadata and Semantics Research,B2,2021-2024
MWSCAS,International Midwest Symposium on Circuits and Systems,A3,2021-2024
NAACL,North American Chapter of the Association for Computational Linguistics Annual Meeting,A1,2021-2024
NCA,IEEE International Symposium on Network Computing and Applications,A4,2021-2024
NETSOFT,IEEE Conference on Network Softwarization,A2,2021-2024
NetSys,International Conference on Networked Systems,B1,2021-2024
NETWORKING,IFIP Networking Conference,A3,2021-2024
NEURIPS,Neural Information Processing Systems,A1,2021-2024
NEWCAS,IEEE International New Circuits and Systems Conference,B1,2021-2024
NFV-SDN,IEEE Conference on Network Function Virtualization and Software Defined Networks,A4,2021-2024
NIME,International Conference on New Interfaces for Musical Expression,A3,2021-2024
NLDB,International Conference on Application of Natural Language to Information Systems,A4,2021-2024
NOF,International Conference on Network of the Future,B2,2021-2024
NOMS,IEEE/IFIP Network Operations and Management Symposium,A2,2021-2024
NORDICHI,Nordic Conference on Human-Computer Interaction,A3,2021-2024
NTMS,"IFIP International Conference on New Technologies, Mobility and Security",A4,2021-2024
OCEAN,IEEE Oceans Conference,B3,2021-2024
OM,International Workshop on Ontology Matching,A4,2021-2024
ONDM,Conference on Optical Network Design and Modeling,A4,2021-2024
ONTOBRAS,Seminar on Ontology Research in Brazil,B2,2021-2024
OOPSLA,"Conference on Object-Oriented Programming Systems, Languages, and Applications",B3,2021-2024
OPENSCIENSE,Workshop de Práticas de Ciência Aberta Para Engenharia de Software,B4,2021-2024
OPENSYM,International Symposium on Open Collaboration,B1,2021-2024
OSS,International Conference on Open Source Systems,B1,2021-2024
OZCHI,Australian Conference on Human-Computer Interaction,A3,2021-2024
PAAMS,"International Conference on Practical Applications of Agents, Multi-Agent Systems and Sustainability",B1,2021-2024
PACBB,International Conference on Practical Applications of Computational Biology & Bioinformatics,A4,2021-2024
PACIS,Pacific Asia Conference on Information Systems,A3,2021-2024
PACTT,International Conference on Parallel Architectures and Compilation Techniques,A3,2021-2024
PAKDD,Pacific-Asia Conference on Knowledge Discovery and Data Mining,A2,2021-2024
PAM,Passive and Active Network Measurement Conference,A3,2021-2024
PCS,Picture Coding Symposium,A4,2021-2024
PDP,"Euromicro International Conference on Parallel, Distributed and Network-Based Processing",A3,2021-2024
PE-WASUN,"ACM International Symposium on Performance Evaluation of Wireless Ad Hoc, Sensor, and Ubiquitous Networks",B4,2021-2024
PERCOM-E,International Conference on Pervasive Computing and Communications Companion,A3,2021-2024
PERVASIVEHEALTH,International Conference on Pervasive Computing Technologies for Healthcare,A3,2021-2024
PETRA,ACM International Conference on PErvasive Technologies Related to Assistive Environments,A3,2021-2024
PIMRC,"International Symposium on Personal, Indoor and Mobile Radio Communications",A2,2021-2024
PKC,International Conference on Practice and Theory in Public Key Cryptography,A1,2021-2024
PLOP,Conference on Pattern Languages of Programs,B1,2021-2024
PODC,ACM Symposium on Principles of Distributed Computing,A2,2021-2024
PoEM,IFIP WG 8.1 Working Conference on the Practice of Enterprise Modelling,B2,2021-2024
PPAM,International Conference on Parallel Processing and Applied Mathematics,B2,2021-2024
PPSN,International Conference on Parallel Problem Solving from Nature,A4,2021-2024
PRDC,Pacific Rim International Symposium on Dependable Computing,A4,2021-2024
PRIMA,nternational Conference on Principles and Practice of Multi-Agent Systems,B2,2021-2024
PROFES,International Conference on Product-Focused Software Process Improvement,A3,2021-2024
PROMISE,International Conference on Predictive Models and Data Analytics in Software Engineering,B1,2021-2024
PROPOR,International Conference on Computational Processing of the Portuguese Language,A4,2021-2024
PST,"International Conference on Privacy, Security and Trust",A4,2021-2024
QoMEX,International Workshop on Quality of Multimedia Experience,A3,2021-2024
QRS,"IEEE International Conference on Software Quality, Reliability, and Security",A3,2021-2024
QUATIC,International Conference on Quality of Information and Communications Technology,B1,2021-2024
RANLP,International Conference on Recent Advances in Natural Language Processing,A2,2021-2024
RCIS,International Conference on Research Challenges in Information Science,A4,2021-2024
RE,IEEE International Requirements Engineering Conference,A2,2021-2024
RECSYS,ACM Conference on Recommender Systems,A1,2021-2024
REFSQ,International Working Conference on Requirements Engineering: Foundations for Software Quality,A3,2021-2024
RO-MAN,IEEE International Symposium on Robot and Human Interactive Communication,A2,2021-2024
ROBOCUP,Robocup International Symposium,A4,2021-2024
ROBOT,Iberian Robotics Conference,B1,2021-2024
RTAS,IEEE REAL-TIME AND EMBEDDED TECHNOLOGY AND APPLICATIONS SYMPOSIUM,A2,2021-2024
RTSS,Real-Time Systems Symposium,A3,2021-2024
RuleML+RR,International Joint Conference on Rules and Reasoning,B1,2021-2024
SAC,ACM Symposium on Applied Computing,A1,2021-2024
SACI,IEEE International Symposium on Applied Computational Intelligence and Informatics,B1,2021-2024
SAMOS,"International Conference on Embedded Computer Systems: Architectures, Modeling and Simulation",B2,2021-2024
SANER,"IEEE International Conference on Software Analysis, Evolution and Reengineering",A1,2021-2024
SAS,IEEE Sensors Applications Symposium,A3,2021-2024
SAST,Brazilian Symposium on Systematic and Automated Software Testing,B1,2021-2024
SBAC-PAD,International Symposium on Computer Architecture and High Performance Computing,A3,2021-2024
SBAI,Simpósio Brasileiro de Automação Inteligente,B4,2021-2024
SBBD,Simpósio Brasileiro de Banco de Dados,A4,2021-2024
SBCARS,"Brazilian Symposium on Components, Architectures and Reuse Software",B1,2021-2024
SBCAS,Simpósio Brasileiro de Computação Aplicada à Saúde,A4,2021-2024
SBCCI,Symposium on Integrated Circuits and Systems Design,A4,2021-2024
SBCM,Simpósio Brasileiro de Computação Musical,A4,2021-2024
SBCUP,Simpósio Brasileiro de Computação Ubíqua e Pervasiva,B4,2021-2024
SBES,Brazilian Symposium on Software Engineering,A3,2021-2024
SBESC,Symposium on Computing Systems Engineering,A4,2021-2024
SBGAMES,Simpósio Brasileiro de Jogos e Entretenimento Digital,A4,2021-2024
SBGAMES-E,Simpósio Brasileiro de Jogos e Entretenimento Digital Companion,B2,2021-2024
SBIAGRO,Congresso Brasileiro de Agroinformática,B4,2021-2024
SBIE,Simpósio Brasileiro de Informática na Educação,A3,2021-2024
SBLP,Brazilian Symposium on Programming Languages,A4,2021-2024
SBMF,Brazilian Symposium on Formal Methods,A4,2021-2024
SBMICRO,Symposium on Microelectronics Technology and Devices,B3,2021-2024
SBPO,Simpósio Brasileiro de Pesquisa Operacional,A4,2021-2024
SBQS,Simpósio Brasileiro de Qualidade de Software,A3,2021-2024
SBRC,Simpósio Brasileiro de Redes de Computadores e Sistemas Distribuídos,A4,2021-2024
SBrT,Simpósio Brasileiro de Telecomunicações e Processamento de Sinais,B4,2021-2024
SBSC,Simpósio Brasileiro de Sistemas Colaborativos,A4,2021-2024
SBSE,Simpósio Brasileiro de Sistemas Elétricos,B4,2021-2024
SBSeg,Simpósio Brasileiro de Segurança da Informação e de Sistemas Computacionais,A4,2021-2024
SBSI,Simpósio Brasileiro de Sistemas de Informação,A4,2021-2024
SBSI-E,Simpósio Brasileiro de Sistemas de Informação Companion,B3,2021-2024
SBSR,Simpósio Brasileiro de Sensoriamento Remoto,B2,2021-2024
SC,"International Conference for High Performance Computing, Networking, Storage and Analysis",A1,2021-2024
SCAM,IEEE International Working Conference on Source Code Analysis and Manipulation,A3,2021-2024
SCCC,International Conference of the Chilean Computer Science Society,B1,2021-2024
SCS,Symposium on Combinatorial Search,A3,2021-2024
SDM,SIAM International Conference on Data Mining,A1,2021-2024
SDS,International Conference on Software Defined Systems,A4,2021-2024
SDSS,Spatial Data Science Symposium,B2,2021-2024
SEA,International Symposium on Experimental Algorithms,B1,2021-2024
SEAA,Euromicro Conference on Software Engineering and Advanced Applications,A3,2021-2024
SEAMS,International Symposium on Software Engineering for Adaptive and Self-Managing Systems,A3,2021-2024
SECRYPT,International Conference on Security and Cryptography,B2,2021-2024
SEFM,International Conference on Software Engineering and Formal Methods,A3,2021-2024
SEGAH,International Conference on Serious Games and Applications for Health,A3,2021-2024
SEH,International Workshop on Software Engineering in Healthcare,B4,2021-2024
SEKE,International Conference on Software Engineering and Knowledge Engineering,B1,2021-2024
SEMEVAL,International Workshop on Semantic Evaluation,A1,2021-2024
SEMISH,Seminário Integrado de Software e Hardware,A4,2021-2024
SEPLN,CONFERENCE OF THE SPANISH SOCIETY FOR NATURAL LANGUAGE PROCESSING,B3,2021-2024
SER&IP,IEEE/ACM International Workshop on Software Engineering Research and Industrial Practice,B3,2021-2024
SERP4IOT,International Workshop on Software Engineering Research & Practices for the Internet of Things,B4,2021-2024
SESoS,International Workshop on Software Engineering for Systems-of-Systems and Software Ecosystems,B2,2021-2024
SIBGRAPI,"Conference on Graphics, Patterns and Images",A3,2021-2024
SIGCSE,ACM Technical Symposium on Computer Science Education,A1,2021-2024
SIGDOC,ACM International Conference on Design of Communication,B2,2021-2024
SIGGRAPH,International Conference and Exibition on Computer Graphics and Interactive Techniques,A3,2021-2024
SIGGRAPH Asia,ACM International Conference on Computer Graphics & Interactive Techniques / Asia,A2,2021-2024
SIGIR,International ACM SIGIR Conference on Research and Development in Information Retrieval,A1,2021-2024
SIGMETRICS,International Conference on Measurement and Modeling of Computer Systems,A1,2021-2024
SIGSPATIAL,ACM SIGSPATIAL International Conference on Advances in Geographic Information Systems,A3,2021-2024
SIIE,Simpósio Internacional de Informática Educatica,B2,2021-2024
SIMBIG,Annual International Symposium on Information Management and Big Data,B3,2021-2024
SIMULTECH,"International Conference on Simulation and Modeling Methodologies, Technologies and Applications",B2,2021-2024
SIMUTOOLS,EAI International Conference on Simulation Tools and Techniques,B2,2021-2024
SIPAIM,International Symposium on Medical Information Processing and Analysis,B2,2021-2024
SISAP,International Conference on Similarity Search and Applications,B2,2021-2024
SLATE,"Symposium on Languages, Applications and Technologies",B3,2021-2024
SMARTCOMP,International Conference on Smart Computing,A3,2021-2024
SMARTGRIDCOMM,IEEE International Conference on Smart Grid Communications,A2,2021-2024
SMC,"IEEE International Conference on Systems, Man and Cybernetics",A1,2021-2024
SOCINFO,International Conference on Social Informatics,B3,2021-2024
SODA,ACM-SIAM Symposium on Discrete Algorithms,A1,2021-2024
SOFSEM,International Conference on Current Trends in Theory and Practice of Computer Science,B4,2021-2024
SOFTCOM,"International Conference on Software, Telecommunications and Computer Networks",A4,2021-2024
SOSA,Siam Symposium on Simplicity in Algorithms,A4,2021-2024
SOSEC,IEEE Annual System of Systems Engineering Conference,A4,2021-2024
SOSR,Symposium on Software Defined Networking Research,B4,2021-2024
SPATIALGEMS,ACM SIGSPATIAL International Workshop on Spatial Gems,B4,2021-2024
SPIE,Proceedings of SPIE--The International Society for Optical Engineering,A3,2021-2024
SPIEMI,Medical Imaging: Image Processing,A3,2021-2024
SPIRE,International Symposium on String Processing and Information Retrieval,B1,2021-2024
SPLC,International Software Product Line Conference,A2,2021-2024
SPLITECH,International Conference on Smart and Sustainable Technologies,A4,2021-2024
SRDS,IEEE Symposium on Reliable Distributed Systems,A3,2021-2024
SSCAD,Simpósio em Sistemas Computacionais de Alto Desempenho,A4,2021-2024
SSCI,IEEE Symposium Series on Computational Intelligence,A2,2021-2024
SSDBM,International Conference on Scientific and Statistical Database Management,A3,2021-2024
SSE,IEEE International Conference on Software Services Engineering,A4,2021-2024
SSIAI,Southwest Symposium on Image Analysis and Interpretation,B2,2021-2024
STIL,Brazilian Symposium in Information and Human Language Technology,B1,2021-2024
STOC,ACM Symposium on Theory of Computing,A1,2021-2024
SVR,Symposium on Virtual and Augmented Reality,A3,2021-2024
SWQD,Conference Software Quality Days,A4,2021-2024
SYSCON,IEEE International Systems Conference,A4,2021-2024
TABLEAUX,International Conference on Automated Reasoning with Analytic Tableaux and Related Methods,B2,2021-2024
TACAS,International Conference on Tools and Algorithms for the Construction and Analysis of Systems,A1,2021-2024
TASE,Theoretical Aspects of Software Engineering,B1,2021-2024
TECHDEBT,International Conference on Technical Debt,A3,2021-2024
TEEM,Technological Ecosystems for Enhancing Multiculturality,A3,2021-2024
TISE,Congreso Internacional de Informática Educativa,B4,2021-2024
TMA,The Network Traffic Measurement and Analysis Conference,A4,2021-2024
TRUST,International Workshop on Trust in Agent societies,B4,2021-2024
TRUSTCOM,"International Conference on Trust, Security and Privacy in Computing and Communications",A2,2021-2024
TSD,"International Conference on Text, Speech and Dialogue",A3,2021-2024
UBIMUS,Workshop de Música Ubíqua,B4,2021-2024
UCC,IEEE/ACM International Conference on Utility and Cloud Computing,A3,2021-2024
UMAP,"ACM Conference on User Modeling, Adaptation and Personalization",A2,2021-2024
UNIF,International Workshop on Unification,B4,2021-2024
USIHC,Congresso Internacional de Ergonomia e Usabilidade de Interfaces Humano Computador,B4,2021-2024
VAMOS,International Workshop on Variability Modelling of Software-intensive Systems,A3,2021-2024
VCIP,IEEE International Conference on Visual Communications and Image Processing,A4,2021-2024
VEM,"Workshop on Software Visualization, Evolution and Maintenance",B3,2021-2024
VIDEOJOGOS,Conference on Videogame Sciences and Arts,B4,2021-2024
VISAPP,International Conference on Computer Vision Theory and Applications,A2,2021-2024
VISIGRAPP,"Conference on Computer Vision, Imaging and Computer Graphics Theory and Applications",B2,2021-2024
VISSOFT,IEEE Working Conference on Software Visualization,B2,2021-2024
VLHCC,IEEE Symposium on Visual Languages and Human-Centric Computing,A4,2021-2024
VLSI-SOC,IEEE/IFIP International Conference on VLSI and System-on-Chip,A3,2021-2024
VNC,IEEE Vehicular Networking Conference,A4,2021-2024
VR,IEEE Conference Virtual Reality and 3D User Interfaces,A1,2021-2024
VRST,ACM Symposium on Virtual Reality Software and Technology,A2,2021-2024
VTC,Vehicular Technology Conference,A1,2021-2024
VTS,IEEE VLSI Test Symposium,A4,2021-2024
W4A,Conference on Web Accessibility,A4,2021-2024
WABI,Workshop on Algorithms in Bioinformatics,A3,2021-2024
WAC,Web Audio Conference,B3,2021-2024
WACV,Workshop on Applications of Computer Vision,A1,2021-2024
WAIHCWS,Workshop sobre Aspectos da Interação Humano-Computador para a Web Social,B3,2021-2024
WALCOM,International Workshop on Algorithms and Computation,B2,2021-2024
WAOA,Workshop on Approximation and Online Algorithms,B3,2021-2024
WASHES,"Workshop sobre Aspectos Sociais, Humanos e Econômicos de Software",B2,2021-2024
WASSA,"Workshop on Computational Approaches to Subjectivity, Sentiment and Social Media Analysis",A4,2021-2024
WAVE,Workshop on Advanced Virtual Environments and Education,B4,2021-2024
WBCI,Workshop Brasileiro de Cidades Inteligentes,B4,2021-2024
WBL,Workshop Brasileiro de Lógica,B4,2021-2024
WBLOCKCHAIN,"Workshop em Blockchain: Teoria, Tecnologias e Aplicações",B4,2021-2024
WBMA,Workshop Brasileiro de Métodos Ágeis,B4,2021-2024
WCAMA,Workshop de Computação Aplicada à Gestão do Meio Ambiente e Recursos Naturais,B4,2021-2024
WCAS,Workshop on Circuits and Systems Design,B4,2021-2024
WCGE,Workshop de Computação Aplicada ao Governo Eletrônico,B4,2021-2024
WCNC,IEEE Wireless Communications and Networking Conference,A2,2021-2024
WCNPS,Workshop on Communication Networks and Power Systems,B2,2021-2024
WD,Wireless Days Conference,A4,2021-2024
WEB3D,International Conference on 3D Web Technology,A4,2021-2024
WEB4ALL,International Web for All Conference,A3,2021-2024
WEBIST,International Conference on Web Information Systems and Technologies,A4,2021-2024
WEBMEDIA,Brazilian Symposium on Multimedia and the Web,A3,2021-2024
WEBSCI,ACM Web Science Conference,A2,2021-2024
WEI,Workshop sobre Educação em Computação,A4,2021-2024
WEIHC,Workshop sobre Educação em IHC,B4,2021-2024
WER,Workshop on Requirements Engineering,B2,2021-2024
WETICE,IEEE International Conference on Enabling Technologies: Infrastructure for Collaborative Enterprises,A4,2021-2024
WF-IoT,IEEE World Forum on Internet of Things,A2,2021-2024
WFCS,IEEE World Conference on Factory Communication Systems,A4,2021-2024
WFIBRE,Workshop do testbed FIBRE,B4,2021-2024
WG,International Workshop on Graph-Theoretic Concepts in Computer Science,A3,2021-2024
WGRS,Workshop de Gerência e Operação de Redes e Serviços,B4,2021-2024
WI-IAT,IEEE/WIC/ACM International Conference on Web Intelligence and Intelligent Agent Technology,A2,2021-2024
WICS,Workshop sobre as Implicações da Computação na Sociedade,B3,2021-2024
WIDAT,"Workshop de informação, dados e tecnologia",B4,2021-2024
WIDE,Workshop on Interactions with Human Experiences,B4,2021-2024
WIE,Workshop de Informática na Escola,A4,2021-2024
WIFS,IEEE Workshop on Information Forensics and Security,A3,2021-2024
WIMOB,"IEEE International Conference on Wireless and Mobile Computing, Networking and Communications",A3,2021-2024
WIPLAY,Workshop sobre Interação e Pesquisa de Usuários no Desenvolvimento de Jogos,B4,2021-2024
WISE,International Conference on Web Information Systems Engineering,A3,2021-2024
WIT,Women in Information Technology,B1,2021-2024
WMNC,Joint IFIP Wireless and Mobile Networking Conference,B4,2021-2024
WOCC,Wireless and Optical Communications Conference,A4,2021-2024
WOLLIC,"International Workshop on Logic, Language, Information and Computation",B1,2021-2024
WONS,Wireless On-demand Network systems and Services Conference,B3,2021-2024
WORKS,Workshop on Workflows in Support of Large-Scale Science,B3,2021-2024
WorldCIST,World Conference on Information Systems and Technologies,A2,2021-2024
WORLDS4,"World Conference on Smart Trends in Systems, Security and Sustainability",A3,2021-2024
WOSP,International Workshop on Mining Scientific Publications,B3,2021-2024
WPEIF,Workshop de Pesquisa Experimental da Internet do Futuro,B4,2021-2024
WPERFORMANCE,Workshop em Desempenho de Sistemas Computacionais e de Comunicação,B4,2021-2024
WPES,Annual ACM workshop on Privacy in the electronic society,A4,2021-2024
WSC,Winter Simulation Conference,A3,2021-2024
WTF,Workshop de Testes e Tolerância a Falhas,B4,2021-2024
WVC,Workshop de Visão Computacional,B3,2021-2024
WWW,The ACM Web Conference,A1,2021-2024
XP,International Conference on Agile Software Development,A3,2021-2024
