ISSN,Estrato
0001-0782,A1
0001-1452,A2
0001-3765,A3
0001-4966,A2
0001-5342,A4
0001-706X,A2
0001-8244,A2
0002-7863,A1
0002-9262,A1
0002-9394,A1
0002-953X,A1
0002-9890,B2
0002-9920,B2
0002-9939,A2
0003-2700,A1
0003-2719,A3
0003-4347,A3
0003-682X,A2
0003-6846,A1
0003-6870,A1
0003-6951,A2
0003-9969,A1
0003-9993,A1
0004-3702,A1
0005-1098,A1
0005-2736,A1
0006-2928,A3
0006-3398,B2
0006-3495,A2
0006-8314,A2
0007-070X,A1
0007-1013,A1
0007-1102,A1
0007-1285,A3
0008-4034,A3
0008-6363,A1
0009-2673,A3
0010-3616,A1
0010-4485,A3
0010-4620,A4
0010-4655,A1
0010-4825,A1
0010-485X,A1
0010-5236,A2
0012-1606,A4
0012-365X,A2
0012-7353,B1
0012-8252,A1
0012-9658,A1
0013-0915,A3
0013-4651,A2
0013-4686,A1
0013-5194,A4
0013-9351,A1
0016-0032,A2
0016-2361,A1
0016-5085,A1
0016-7312,A2
0016-8025,A2
0016-8033,A2
0017-5749,A1
0017-9310,A1
0018-9162,A3
0018-926X,A1
0018-9286,A1
0018-9316,A2
0018-9359,A2
0018-9383,A1
0018-9391,A2
0018-9448,A1
0018-9456,A1
0018-9464,A4
0018-9499,A2
0018-9529,A1
0018-9545,A1
0019-0578,A1
0020-0190,B2
0020-0255,A1
0020-1812,A3
0020-7179,A3
0020-739X,A2
0020-7543,A1
0020-7683,A1
0020-7721,A2
0021-7670,A2
0021-9010,A1
0021-9606,A2
0021-972X,A1
0021-9738,A1
0021-9991,A1
0022-0000,A3
0022-0302,A1
0022-0388,A1
0022-0396,A1
0022-0477,A1
0022-1120,A1
0022-1694,A1
0022-247X,A2
0022-2488,A3
0022-2828,A1
0022-2836,A1
0022-2844,A2
0022-2860,A2
0022-3042,A2
0022-3077,A4
0022-3239,A2
0022-3611,A1
0022-4715,A2
0023-6438,A1
0024-3795,A2
0025-3154,B1
0025-5610,A1
0025-5718,A1
0025-584X,A3
0025-6196,A1
0025-6455,A3
0026-265X,A1
0026-2714,A4
0027-0520,A3
0027-8424,A1
0028-0836,A1
0028-3045,A4
0029-5493,A1
0029-5981,A1
0029-599X,A2
0029-8018,A1
0029-8549,A2
0030-364X,A3
0030-3887,B1
0030-8730,A3
0031-3203,A1
0031-3998,A1
0031-9155,A2
0031-921X,A1
0031-9384,A2
0032-0935,A1
0032-5791,A1
0033-0124,A2
0033-2097,B3
0033-5177,A1
0034-4257,A1
0034-6748,B1
0034-7167,A2
0034-7175,B4
0034-9275,A2
0035-8711,A2
0036-1429,A1
0037-5497,A4
0037-8712,B2
0038-0121,A1
0038-0644,A2
0038-092X,A1
0039-3215,A2
0039-6265,A4
0039-9140,A1
0040-0262,A2
0040-1625,A1
0041-1655,A2
0041-624X,A2
0042-9686,A1
0043-1397,A1
0043-5325,A2
0043-7719,A1
0044-8435,A2
0044-8486,A1
0045-2068,A1
0045-6535,A1
0045-7825,A1
0045-7906,A2
0045-7930,A2
0045-7949,A1
0048-3575,A1
0048-9697,A1
0049-4747,A2
0066-782X,A2
0080-6234,A3
0090-6778,A1
0090-6964,A2
0091-2751,B1
0093-691X,A1
0094-5765,A2
0094-8276,A1
0094-9655,A4
0095-3628,A1
0095-4616,A2
0095-8956,A1
0096-3003,A1
0097-3165,A1
0097-8493,A2
0098-1354,A1
0098-3004,A1
0098-3063,A2
0098-5589,A1
0098-9886,A3
0099-1112,B2
0099-2399,A1
0100-8404,A4
0101-7438,B3
0101-8205,A2
0102-1788,A3
0102-2563,C
0102-3543,B3
0102-4248,B2
0102-4450,A1
0102-4698,A1
0102-5503,B1
0102-7158,A2
0102-7352,B3
0102-7972,A1
0103-0752,B1
0103-2070,A1
0103-2100,A2
0103-3786,A1
0103-4014,A1
0103-4308,B4
0103-5053,A3
0103-5355,B4
0103-8117,B3
0103-9059,B2
0103-9733,A3
0103-9989,A1
0104-0014,A3
0104-0588,A1
0104-3552,A4
0104-6276,A1
0104-639X,A3
0104-6500,A3
0104-6675,A1
0104-7078,B2
0105-4538,A1
0129-0541,B2
0129-0657,A1
0138-0680,A3
0138-9130,A1
0140-0118,A3
0140-3664,A1
0141-0296,A1
0141-8130,A1
0141-9331,A2
0141-9382,A2
0142-0615,A2
0142-5455,A1
0143-1161,A2
0143-2087,A2
0143-3334,A3
0144-8609,A1
0144-929X,A1
0146-4124,B4
0146-4833,A2
0147-8389,B1
0148-0731,B1
0148-5598,A1
0149-5739,A4
0160-5682,A1
0160-791X,A1
0162-8828,A1
0163-5808,B1
0163-5999,B4
0163-6804,A1
0164-0925,B1
0164-1212,A2
0165-0114,A1
0165-0327,A1
0165-0521,A4
0165-1684,A2
0165-1781,A1
0165-2125,A2
0165-5515,A1
0165-7380,A2
0166-218X,A2
0166-3542,A1
0166-3615,A1
0166-4328,A3
0166-445X,A1
0166-5316,A4
0166-6851,B1
0166-8641,A4
0167-2789,A1
0167-4048,A1
0167-577X,A1
0167-6377,B1
0167-6393,A2
0167-6423,A3
0167-6911,A2
0167-7012,A4
0167-7152,B1
0167-7322,A1
0167-739X,A1
0167-8191,A4
0167-8655,A1
0167-9236,A1
0167-9260,A4
0168-0072,A4
0168-1699,A1
0168-7433,A4
0168-9002,A4
0168-9274,A1
0169-023X,A3
0169-1864,A4
0169-2070,A1
0169-2607,A1
0169-3913,A3
0169-5983,A4
0169-7439,A1
0169-8141,A2
0170-4214,A1
0171-6468,A2
0171-8630,A2
0176-4268,A2
0177-0667,A1
0178-2789,A2
0178-4617,A4
0178-7675,A1
0179-051X,A1
0179-5376,A3
0191-2615,A1
0191-2917,A1
0192-8651,A1
0194-911X,A1
0195-0738,A2
0195-668X,A1
0195-6698,A2
0196-0709,A2
0196-2892,A1
0196-6553,A1
0196-8904,A1
0198-9715,A1
0199-6231,A3
0218-0014,B1
0218-1266,B1
0218-1940,B1
0218-2130,B2
0218-348X,A1
0218-4885,B1
0219-1377,A3
0219-3116,A3
0219-4678,B1
0219-4775,A2
0219-6492,A3
0219-7200,B2
0219-8770,A2
0223-5234,A1
0233-1888,A4
0233-1934,A2
0254-5330,A2
0258-851X,A4
0261-2194,A1
0262-8856,A2
0263-2241,A1
0263-5577,A1
0263-5747,A2
0263-8223,A1
0263-8762,A1
0264-410X,A1
0264-4401,A3
0264-8172,A1
0265-2323,A1
0265-671X,A3
0266-4720,A2
0266-4763,A3
0267-3649,A1
0267-4424,A1
0267-5730,A2
0268-3768,A2
0268-4012,A1
0269-2821,A1
0269-283X,A2
0269-4042,A1
0269-5022,A4
0269-7491,A1
0269-8889,A3
0270-1367,A2
0270-4137,A2
0270-6474,A1
0271-3683,A2
0271-5317,A1
0272-1716,A4
0272-1732,A2
0272-4960,A3
0272-4979,A1
0272-8842,A1
0273-1177,A2
0276-2374,B1
0277-6715,A1
0278-0046,A1
0278-0070,A2
0278-081X,A3
0278-3649,A1
0278-6125,A1
0288-3635,A2
0295-5075,A4
0300-3930,A1
0300-5771,A1
0300-7995,A2
0300-9084,A3
0300-9564,A2
0301-2115,A3
0301-4797,A1
0301-5629,A2
0301-679X,A1
0303-2434,A1
0303-2647,A2
0303-6898,A3
0303-6979,A1
0303-7207,A2
0303-8300,A1
0304-3800,A2
0304-3975,B1
0304-4017,A1
0304-4149,A2
0304-4238,A1
0304-8853,A3
0305-0270,A1
0305-0483,A1
0305-0548,A1
0305-1048,A1
0305-215X,A1
0306-2619,A1
0306-4379,A2
0306-4522,A2
0306-4565,A1
0306-4573,A1
0306-7734,A2
0307-904X,A1
0308-1079,A3
0308-1087,A1
0308-2105,A2
0308-521X,A1
0308-597X,A1
0308-8146,A1
0309-1740,A1
0315-5986,B1
0341-8162,A1
0343-2521,A2
0346-251X,A1
0360-0300,A1
0360-1277,A4
0360-1315,A1
0360-5442,A1
0360-8352,A1
0361-0918,A4
0361-1981,A4
0363-907X,C
0364-765X,A1
0364-9024,A3
0367-326X,A4
0370-1573,A1
0377-0257,A2
0377-0427,A2
0377-0486,A3
0377-2063,A4
0377-2217,A1
0378-1119,A4
0378-3774,A1
0378-4290,A1
0378-4320,A2
0378-4371,A2
0378-4754,A1
0378-7788,A1
0378-7796,A3
0385-7417,A1
0391-173X,A1
0393-2990,A1
0531-5565,A3
0560-4613,B2
0703-8992,A2
0716-3711,B4
0717-5000,B3
0717-6279,B1
0718-221X,A3
0718-2724,A4
0718-378X,B3
0718-5162,A1
0719-0646,B1
0720-048X,A2
0730-0301,A1
0730-725X,A3
0733-8716,A1
0733-8724,A1
0733-9429,A3
0733-9453,A4
0734-2071,A3
0735-6757,A1
0736-5853,A1
0737-8831,A1
0739-1102,A2
0740-624X,A1
0740-7459,A3
0740-8188,A2
0743-7315,A1
0747-5632,A1
0748-8157,B1
0749-159X,A2
0749-3797,A1
0804-4643,A2
0812-0099,A4
0824-7935,A1
0840-8688,A4
0873-1152,B3
0873-5670,A3
0883-2323,A3
0883-9514,A3
0884-6812,B3
0884-8173,C
0885-2308,A1
0885-2545,A3
0885-4513,A3
0885-6125,A1
0885-7458,A3
0885-7474,A1
0885-8624,A1
0885-8950,A1
0885-8977,A2
0885-8985,A1
0885-8993,A1
0886-3350,A1
0887-3585,A3
0887-3828,A3
0888-3270,A1
0888-613X,A1
0888-7543,A2
0889-1575,A2
0890-5401,B1
0890-8044,A1
0891-2556,B1
0892-1997,A1
0893-6080,A1
0895-4801,A2
0895-6111,A1
0895-8696,A4
0895-9811,A2
0896-0267,A3
0896-6273,A1
0897-1889,A2
0898-1221,A1
0903-1936,A1
0904-2512,A1
0911-0119,B1
0916-8508,B3
0918-8959,B1
0920-4105,A1
0920-5489,A1
0920-5691,A1
0920-654X,A2
0920-8542,A2
0920-9964,A2
0921-0296,A2
0921-4488,A2
0921-7126,B2
0921-8890,A1
0922-6443,A4
0922-6567,B1
0923-2508,B1
0923-5965,A2
0923-8174,B2
0924-090X,A1
0924-1868,A1
0924-2716,A1
0924-669X,A3
0924-8463,A1
0924-9338,A1
0924-977X,A1
0924-9907,A1
0925-1022,A1
0925-1030,A4
0925-2312,A1
0925-4005,A1
0925-4439,A1
0925-5001,A2
0925-7535,A1
0925-7721,A4
0925-8531,A1
0925-9724,A2
0925-9902,A2
0926-227X,B1
0926-2644,A1
0926-6003,A2
0926-6690,A1
0926-8782,A4
0926-9630,B2
0926-9851,A2
0927-0248,A1
0927-0256,A1
0927-7099,A2
0928-1541,A3
0928-8910,A4
0929-5585,B2
0929-5593,A2
0929-6212,A4
0929-8215,A1
0931-1890,A2
0931-2668,A1
0932-8092,A3
0933-3657,A1
0933-5846,A3
0934-5043,A4
0934-9723,A1
0935-1175,A3
0937-9827,A2
0938-8974,A1
0940-1334,A1
0941-0643,A1
0941-4355,A2
0942-4962,A2
0943-4062,A3
0943-7444,A2
0944-1344,A2
0944-6532,A4
0947-3580,A2
0947-3602,A2
0948-5023,A3
0948-695X,B1
0948-6968,B1
0950-0618,A1
0950-2688,A4
0950-3293,A1
0950-4222,A2
0950-5849,A2
0950-7051,A1
0951-192X,A1
0951-5666,A1
0951-7715,A1
0951-8320,A1
0952-1976,A1
0952-4622,A3
0952-8091,A4
0953-5438,A3
0953-7325,A1
0954-0091,A3
0954-0962,A1
0954-1748,A2
0954-349X,A1
0955-792X,A2
0955-7997,A1
0956-5507,B1
0956-5663,A1
0956-7135,A1
0957-0233,A2
0957-4158,A2
0957-4174,A1
0957-5243,A4
0959-1524,A1
0959-3993,A2
0959-6518,A4
0959-6526,A2
0960-0779,A1
0960-0833,A4
0960-1295,A4
0960-1481,A1
0960-3085,A1
0960-3174,A2
0960-7692,A1
0960-8524,A1
0960-8923,A1
0962-2802,A2
0962-8444,A1
0963-8695,A1
0963-9314,A3
0963-9969,A1
0964-7775,A1
0965-0911,A4
0965-9978,A1
0966-3274,B1
0966-9760,A4
0967-070X,A1
0967-0769,A1
0969-9988,A1
0972-0707,B1
0972-6802,C
0972-7272,B3
0972-7981,A2
0974-0635,A4
0975-4660,C
0975-5861,B4
0975-8887,C
0975-9018,B2
1007-5704,A1
1010-6049,A1
1012-2443,A3
1016-8664,A4
1017-0405,A2
1017-1398,A2
1017-9909,B2
1018-3647,A1
1018-4813,A1
1018-4864,A4
1020-4989,A1
1021-7762,A2
1022-0038,A2
1024-123X,C
1025-5842,A4
1026-0269,C
1027-3719,A3
1029-0273,A1
1029-8436,A2
1040-8398,A1
1040-8444,A1
1041-1135,A2
1042-7201,A3
1042-9832,A2
1043-4666,A2
1044-0305,A2
1044-7318,A1
1046-283X,B2
1046-8781,A1
1047-3203,A3
1049-331X,A1
1049-4820,A1
1050-2947,A2
1050-6926,A1
1050-7256,A1
1051-2004,A2
1051-8215,A1
1051-9815,B1
1052-6234,A1
1053-2498,A1
1053-5888,A1
1054-1500,A2
1054-660X,A4
1055-4181,B1
1055-6788,A2
1057-5219,A1
1057-7149,A1
1058-6180,A4
1061-1967,B4
1061-3773,A1
1061-4036,A1
1063-0732,A1
1063-4584,A1
1063-651X,A2
1063-6692,A2
1063-6706,A1
1063-8016,A4
1063-8210,A2
1064-1246,A4
1064-7570,A2
1064-8275,A1
1066-5277,A3
1066-8888,A1
1068-5200,A3
1068-8471,B1
1068-9605,A2
1069-2509,A1
1070-6631,A1
1070-986X,A2
1070-9908,A1
1070-9932,A2
1071-5819,A1
1072-5520,B1
1073-0516,A2
1073-9149,A4
1074-5351,A4
1074-9357,A1
1076-9757,A2
1076-9986,A2
1077-2626,A1
1077-3142,A2
1077-8926,A3
1078-8956,A1
1080-5370,A1
1080-6040,A1
1081-4159,A1
1081-597X,A2
1082-6076,B1
1083-6489,A2
1084-4309,A4
1084-6654,A4
1084-8045,A1
1086-055X,A2
1088-467X,B2
1089-778X,A1
1089-7801,A2
1090-2724,A3
1091-9856,A4
1093-3263,A2
1094-4060,A2
1094-4087,A2
1094-6136,A3
1094-6969,A4
1096-9128,A2
1097-0037,A4
1097-0118,A3
1097-0134,A3
1097-0193,A1
1097-024X,A2
1097-198X,A2
1098-111X,C
1098-1241,A4
1098-3015,A1
1098-8823,A4
1099-0755,A2
1099-1131,A4
1099-114X,C
1099-1190,A3
1099-1239,A1
1099-128X,A2
1099-1689,A4
1099-4300,A2
1101-1262,A1
1134-3060,A1
1134-5632,B4
1134-5764,A2
1135-5948,A1
1137-3601,A4
1166-3081,A2
1175-5334,B1
1176-2322,B1
1176-3647,A1
1177-9322,A1
1178-2390,A2
1206-212X,A3
1213-6972,B3
1225-6463,A3
1226-086X,A1
1229-2370,A3
1234-3099,A3
1234-950X,B4
1270-6841,A2
1286-4579,A1
1286-4854,A4
1290-0729,A1
1290-385X,B3
1290-3868,A4
1292-8119,A2
1309-1042,A2
1314-2828,A4
1319-1578,A1
1331-1441,B1
1335-9150,B2
1338-4333,A3
1343-8875,A4
1346-9843,A2
1348-9151,B2
1350-4495,A2
1350-4851,A1
1350-911X,A4
1351-0088,A2
1351-3249,A1
1352-2310,A1
1352-3252,A1
1352-8661,A3
1353-3452,A1
1355-0306,A3
1359-4184,A1
1359-4311,A1
1359-4338,A1
1359-6454,A1
1359-7620,B4
1360-0451,A3
1360-2276,A2
1360-2357,A1
1361-1682,A3
1361-4568,A3
1361-8415,A1
1362-3001,A1
1362-3052,A1
1362-3079,A2
1362-4962,A1
1364-0321,A1
1364-503X,A1
1364-5072,A3
1364-8152,A1
1365-2052,A1
1365-2869,A1
1365-313X,A1
1365-8050,B2
1365-8816,A1
1366-5545,A1
1366-588X,A1
1366-5901,A2
1367-0751,A1
1367-4803,A1
1367-4811,A1
1367-5788,A1
1368-5031,A2
1368-8375,A1
1368-9800,A1
1370-4621,A4
1380-7501,A2
1381-1231,A2
1382-3256,A2
1382-6905,A3
1383-469X,A2
1383-7621,A2
1384-5810,A1
1384-6175,A2
1385-2256,A1
1385-8947,A1
1386-1425,A1
1386-145X,A2
1386-2588,A3
1386-4564,A2
1386-5056,A1
1386-7857,A2
1387-2532,A4
1387-2877,A2
1387-974X,A4
1388-5545,A4
1389-0417,A3
1389-1286,A1
1389-2037,B1
1389-2576,A2
1389-4420,A3
1392-6292,A1
1396-0466,A1
1405-213X,A3
1413-2060,A4
1413-8123,A1
1413-8670,A3
1413-9014,C
1414-431X,A2
1414-462X,B1
1414-5685,A3
1414-7327,A2
1414-8145,A4
1414-8498,B3
1414-8862,B1
1415-4757,A3
1415-8876,A3
1420-0597,A2
1420-2026,A3
1420-3049,A2
1420-326X,A2
1422-0067,A1
1424-1250,A3
1424-8220,A4
1424-8247,A2
1431-9276,A1
1432-010X,A2
1432-0541,A4
1432-1076,A2
1432-1769,A3
1432-1882,A2
1432-2056,A3
1432-2315,A2
1432-4350,B1
1432-5012,A2
1432-7643,A1
1433-2779,A4
1433-2833,A3
1433-3015,A2
1433-3058,A1
1433-7479,A1
1433-7541,A2
1433-755X,A2
1433-8157,B4
1434-4483,A2
1434-6028,A4
1434-6036,A4
1434-8411,A2
1435-5558,A1
1435-5566,A1
1435-5930,A4
1436-3240,A1
1436-3771,A1
1436-4522,A1
1436-4646,A1
1436-5057,A1
1438-793X,A2
1438-8871,A1
1439-0469,C
1448-5869,A2
1460-2059,A1
1460-2067,A4
1460-4582,A2
1460-7425,A3
1461-3484,A2
1461-4448,A1
1462-6268,A2
1462-9011,A1
1463-5771,A1
1463-7154,A1
1463-9076,A2
1463-9084,A2
1464-5149,A3
1465-363X,A2
1466-8033,A2
1467-0895,A1
1467-6370,A1
1467-8640,A1
1467-8659,A2
1467-9272,A2
1467-9671,A3
1468-0394,A2
1468-0408,A1
1468-0629,A2
1468-1218,A1
1469-0268,B1
1469-7793,A1
1469-8005,A3
1470-1626,A1
1470-6431,A1
1470-9503,B1
1471-2105,A1
1471-2164,A3
1471-2288,A1
1471-2334,A3
1471-2369,A3
1471-2393,A1
1471-244X,A1
1471-2458,A1
1471-678X,A2
1472-0817,A1
1472-6920,A2
1472-6947,A1
1472-6963,A1
1472-9792,A4
1473-8716,A3
1474-0346,A1
1475-2875,A3
1475-3081,A1
1475-3995,A2
1475-925X,A2
1475-9276,A1
1476-1289,B4
1476-542X,A1
1476-8186,A3
1476-9271,A2
1477-0369,A4
1477-4054,A1
1477-7266,A4
1477-8386,B2
1478-0887,A1
1478-3363,A1
1516-084X,A4
1516-5388,A1
1516-9375,A3
1517-0306,B2
1517-2473,A4
1517-6312,A2
1517-7076,B3
1517-9702,A1
1518-2924,A1
1518-3483,A1
1518-7470,B3
1518-8353,A2
1518-8787,A1
1519-132X,C
1519-8219,C
1519-8847,B2
1520-6904,A2
1520-9202,A4
1520-9210,A1
1521-3951,B1
1521-6616,A2
1521-9615,A3
1522-8835,A2
1524-0703,A1
1524-9050,A1
1525-5050,A3
1525-8955,A1
1526-1719,B1
1526-5471,A1
1526-5900,A2
1527-2648,A3
1529-3785,A2
1530-0315,A1
1530-437X,A1
1530-4388,A3
1530-5627,A1
1530-8677,C
1530-888X,A1
1530-9304,A2
1530-9312,A1
1531-3263,B1
1531-3492,A2
1531-5878,A3
1531-636X,A2
1532-0464,A2
1532-0626,A2
1532-0634,A2
1532-2092,A1
1532-5008,B1
1532-6349,B2
1532-7590,A1
1533-5399,A1
1533-7928,A1
1535-3893,A2
1536-1276,A1
1536-1284,A1
1537-5110,A1
1538-0254,A2
1538-4632,A3
1538-7836,A1
1538-9774,A3
1539-1523,A1
1539-2791,A3
1539-3100,A1
1539-3755,A2
1539-9087,A3
1540-496X,A1
1540-7993,A1
1540-9589,B2
1541-1389,A4
1544-3566,A4
1545-2263,A3
1545-5815,A2
1545-5955,A1
1545-5971,A1
1545-598X,A1
1545-9683,A1
1547-2450,A1
1547-5816,A4
1547-6286,A3
1548-0992,B1
1548-1115,A3
1548-3886,A3
1548-7091,A1
1549-3636,B2
1549-7747,A2
1549-8328,A2
1549-9596,A1
1549-9618,A1
1550-1876,A2
1550-4646,A4
1550-4832,A3
1550-4859,A3
1551-0018,A3
1551-3203,A1
1551-3939,C
1551-6857,A1
1552-5260,A1
1552-6283,A2
1552-6607,B2
1553-3514,A3
1553-7358,A1
1553-779X,A4
1553-877X,A1
1554-1010,B4
1554-3528,A1
1555-8584,A3
1555-9041,A1
1555-905X,A1
1556-4681,A2
1556-4959,A1
1556-5068,A1
1556-6013,A1
1556-7036,A2
1557-1955,A3
1557-8666,A3
1557-9611,A2
1557-9956,A2
1557-9964,A1
1558-0571,A1
1558-0660,A1
1558-0806,A2
1558-1748,A1
1558-2183,A1
1558-2191,A1
1558-2558,A1
1559-1131,A3
1559-6915,B4
1559-8608,B2
1560-4306,A1
1562-2479,A1
1563-5147,C
1566-113X,A4
1566-1199,A2
1566-2535,A1
1567-1348,A1
1567-1364,A4
1567-4223,A1
1567-7818,A4
1568-0266,A3
1568-4946,A1
1569-1101,B2
1569-1551,B1
1569-190X,A1
1569-4410,A3
1569-8025,A3
1569-8432,A1
1570-0844,A2
1570-1255,A3
1570-5838,A1
1570-7873,A2
1570-8268,A3
1570-8705,A1
1570-9639,A2
1571-0645,A1
1572-1000,A2
1572-5286,B1
1572-6657,A1
1572-8080,B2
1572-8145,A1
1572-817X,A3
1572-8196,A2
1572-834X,A4
1572-8382,A1
1572-9001,A4
1572-9192,A4
1572-9338,A2
1572-9397,A2
1572-9451,A4
1573-0409,A2
1573-0484,A2
1573-0565,A1
1573-062X,A2
1573-0727,B2
1573-1332,A2
1573-1367,A3
1573-1375,A2
1573-1383,A4
1573-1472,A2
1573-1979,A4
1573-2878,A2
1573-2886,A3
1573-2894,A2
1573-2959,A2
1573-4064,B1
1573-4277,A3
1573-4935,A2
1573-4951,A2
1573-689X,A1
1573-7462,A1
1573-7497,A3
1573-756X,A1
1573-7616,A2
1573-7624,A2
1573-7675,A2
1573-7683,A1
1573-7705,A2
1573-7721,A2
1573-773X,A4
1574-0137,A1
1574-020X,A1
1574-1192,A2
1574-9541,A1
1579-1513,A2
1582-7445,B2
1582-9596,B2
1588-2861,A1
1588-2926,A1
1598-8198,A1
1601-0825,A1
1609-0985,A4
1609-4069,A1
1610-2940,A3
1612-1872,A4
1613-7159,A1
1614-2411,A3
1614-5046,B1
1615-147X,A1
1615-5262,A2
1615-5270,A2
1615-5289,A3
1615-5297,A3
1616-8658,A3
1617-4615,A4
1617-4909,A1
1618-727X,A2
1618-8667,A1
1619-1366,A2
1619-1374,A2
1622-468X,B1
1646-107X,B1
1646-2335,A3
1646-9895,A3
1647-0818,A2
1648-5831,A1
1657-5830,C
1660-4601,C
1660-5446,A2
1661-8300,A2
1662-453X,A3
1662-5145,B1
1662-5161,B1
1662-5188,C
1662-5196,B1
1662-5218,B1
1662-9507,B2
1662-9752,B2
1663-3563,A3
1664-042X,A3
1664-0640,A4
1664-1078,A2
1664-2295,A4
1664-302X,A3
1664-3224,A2
1664-462X,A1
1664-8021,A4
1665-2681,A2
1665-2703,B1
1665-6423,B2
1666-5112,C
1668-0227,A1
1674-7283,A1
1676-1790,B3
1676-2592,A1
1676-2789,B1
1676-4285,B1
1676-5451,B3
1677-1893,B3
1677-5090,B1
1677-9479,A4
1677-9762,C
1678-0817,C
1678-1244,A3
1678-2690,A3
1678-4227,B2
1678-4324,A3
1678-4464,A1
1678-4561,A1
1678-4588,A1
1678-4596,A2
1678-460X,A1
1678-4626,A1
1678-4634,A1
1678-4685,A3
1678-4804,A3
1678-5142,B3
1678-5878,A3
1678-6971,A2
1678-7099,A3
1678-7110,A1
1678-7153,A1
1678-8052,A3
1678-8621,A3
1678-9849,A4
1678-992X,A1
1679-0375,B3
1679-0731,A4
1679-1827,B1
1679-1916,A4
1679-3951,A2
1679-4508,A4
1679-4974,A2
1680-5348,A1
1681-4835,A3
1683-1470,A2
1687-1499,A3
1687-4714,A3
1687-5249,A3
1687-5265,C
1687-5281,A2
1687-5605,C
1687-5893,C
1687-6180,A3
1687-7047,C
1687-8736,A4
1687-9430,A3
1688-4221,A1
1688-7638,A1
1690-4524,A4
1695-288X,A2
1695-5498,A1
1695-7121,A3
1696-8352,C
1699-5198,B1
1715-0868,B1
1720-8386,A2
1729-8814,A3
1734-4492,B2
1735-1472,A2
1740-0562,B2
1740-7494,A4
1740-8709,A1
1740-8873,B3
1741-0401,A1
1741-0444,A3
1741-1009,B1
1741-1068,B2
1741-2560,A2
1741-3842,A1
1741-5047,A4
1741-8100,A3
1741-8461,B3
1741-847X,B2
1741-8488,B2
1741-8763,B4
1741-9182,A3
1742-5468,A2
1742-6588,B4
1742-7185,A3
1742-7371,A2
1742-7592,A4
1742-7967,A3
1742-7975,A3
1743-6095,A2
1743-761X,A4
1743-8187,B2
1743-8225,B2
1743-8276,A4
1744-0084,A4
1744-2621,A4
1744-263X,A4
1744-5485,B3
1745-3054,A1
1745-3933,A2
1745-6215,A4
1746-0441,A1
1746-0913,A4
1746-0972,B2
1746-0980,B2
1746-1391,A1
1746-4811,A1
1746-8094,A1
1747-0285,A3
1747-4930,A1
1747-7778,A2
1747-8405,B2
1748-0930,A2
1748-1279,B1
1748-1716,A1
1748-3115,A1
1748-5037,A3
1748-5045,A3
1748-670X,C
1748-6718,C
1748-7188,A4
1749-7221,B2
1750-5836,A2
1751-0252,A2
1751-1577,A2
1751-1879,A2
1751-648X,B3
1751-6498,B3
1751-8113,A2
1751-8601,A4
1751-8652,A2
1751-8687,A3
1751-8695,A3
1751-8806,A3
1751-956X,A1
1751-9659,A3
1752-6418,B3
1753-8378,A2
1753-8432,A3
1754-2189,A1
1754-3266,A1
1754-3916,B1
1754-890X,B1
1755-0203,A1
1755-098X,A1
1755-4365,A3
1755-4535,A3
1755-5817,A2
1755-8301,B2
1755-8913,B2
1756-0500,A2
1756-3305,A1
1756-7025,B2
1757-2223,A2
1757-5850,A3
1757-8779,B4
1757-9708,A4
1758-5996,A2
1758-6798,A1
1760-6101,A3
1768-6733,A2
1769-7298,B2
1782-348X,A4
1785-8860,A4
1791-2377,B3
1793-351X,A2
1793-6950,A2
1793-9623,B2
1794-3108,B1
1804-1388,B1
1806-1362,A2
1806-2563,A4
1806-3365,B1
1806-3756,A2
1806-4892,A2
1806-6356,B2
1806-6690,A3
1806-8944,B2
1806-9126,A1
1806-9282,A3
1806-9304,A4
1806-9592,A1
1806-9649,B1
1807-1600,A1
1807-1627,A4
1807-1775,B1
1807-1953,B1
1807-3980,B2
1807-4545,B3
1807-5908,B4
1807-5932,A2
1807-7692,A2
1807-8095,B4
1807-8648,B2
1807-8664,A4
1807-8893,A1
1807-8931,B1
1807-975X,B1
1808-057X,A2
1808-0936,B2
1808-2599,A1
1808-3536,A1
1808-5245,A1
1808-5377,A2
1808-5687,A4
1809-1636,A3
1809-2276,A2
1809-3760,A4
1809-3876,A1
1809-4406,B2
1809-452X,A2
1809-5747,A4
1809-5771,B3
1809-7286,A3
1809-8207,A3
1810-2328,B1
1810-634X,C
1815-5901,B2
1816-6075,B1
1819-155X,B3
1820-0214,B1
1824-2049,A1
1826-9745,C
1827-1987,B1
1828-0447,A1
1828-1427,A4
1836-9553,A1
1845-6421,B2
1847-7003,B3
1850-6666,A2
1850-9959,A1
1852-0006,B2
1852-4206,A4
1852-7175,A4
1855-3966,A3
1860-5974,A4
1860-7187,A1
1861-1303,B1
1861-2032,B2
1861-8200,A3
1861-8219,A3
1861-9916,B1
1862-4472,A3
1862-5347,A2
1863-0383,A2
1863-1703,A4
1863-1711,A4
1863-2386,B1
1864-5909,A1
1865-0473,A3
1865-0929,B1
1865-7923,A3
1865-9284,A1
1866-1505,A1
1866-6280,A2
1866-7511,A1
1867-2949,A1
1867-4828,A3
1867-8548,A2
1868-3967,A3
1868-5137,A2
1868-6478,A2
1868-7083,A2
1868-8071,A2
1869-0238,A3
1869-5450,A1
1869-5469,A1
1869-7577,A3
1871-4080,A2
1872-0234,B1
1872-2040,B1
1872-4973,A1
1872-7565,A1
1873-2887,A1
1873-7951,A3
1874-1746,A4
1874-3919,A2
1874-4907,A3
1874-8988,A2
1875-4791,A2
1875-8533,A1
1875-9521,A3
1876-1364,A4
1876-1623,A3
1877-0533,A2
1877-3435,A1
1877-5845,A4
1877-7171,A2
1877-7503,A2
1877-959X,A1
1878-8750,A2
1879-2871,A4
1911-8066,C
1911-8074,C
1916-9760,A3
1927-6974,C
1929-0748,A3
1929-7750,A1
1930-0212,A2
1930-1650,B2
1931-3195,A3
1931-7603,B2
1931-9401,A1
1932-2968,A2
1932-4537,A2
1932-4545,A1
1932-6157,A1
1932-6203,A1
1932-8540,A2
1934-8835,A1
1935-2735,A2
1935-3812,A4
1935-5688,B1
1935-9748,A1
1936-1610,A2
1936-1955,A4
1936-6442,A2
1936-7228,A3
1936-7406,A3
1936-9751,A2
1937-4151,A2
1937-8831,B4
1937-9234,A1
1938-3673,A2
1939-0068,A1
1939-1374,A1
1939-1382,A1
1939-1390,A2
1939-1404,A1
1939-3806,A1
1939-8018,A3
1939-9170,A1
1940-087X,B1
1941-6296,B1
1941-8477,B3
1942-0684,A1
1942-261X,C
1942-2628,C
1942-2679,B4
1942-390X,B1
1942-4787,A1
1942-4795,A1
1943-0620,A2
1943-0655,A3
1943-0663,A4
1944-1134,B3
1944-3900,B1
1944-3994,B1
1944-8007,A1
1944-8244,A1
1945-3116,B3
1945-7553,B1
1946-2166,A1
1946-6226,A1
1948-5182,A4
1949-3029,A1
1949-3045,A1
1949-3053,A1
1949-8349,A3
1951-6355,A3
1951-6401,A3
1958-9212,A1
1958-9395,A3
1972-2680,A4
1980-0258,B4
1980-0827,B2
1980-220X,A3
1980-2552,A2
1980-265X,A2
1980-4415,A1
1980-4490,A1
1980-5160,B3
1980-5373,A3
1980-5411,A4
1980-5470,A1
1980-5497,A2
1980-556X,B2
1980-5764,B2
1980-5799,A2
1980-6108,B2
1980-6477,B1
1980-6574,B1
1980-6604,A4
1980-6949,A2
1980-7031,B2
1980-850X,A1
1980-8666,B3
1980-959X,B1
1981-0431,A1
1981-1268,B3
1981-1543,A2
1981-1640,A1
1981-1659,A4
1981-1829,A2
1981-223X,C
1981-3163,B2
1981-3708,B3
1981-416X,A1
1981-5271,A1
1981-5344,A1
1981-5794,A1
1981-6278,A1
1981-674X,A4
1981-6979,B1
1981-8920,A2
1981-982X,C
1982-0194,A2
1982-0216,B1
1982-0305,A1
1982-0577,A2
1982-1123,A3
1982-1654,A4
1982-1662,A4
1982-1816,B3
1982-1956,A2
1982-2014,A1
1982-2413,A3
1982-2596,A3
1982-3029,B2
1982-3134,A2
1982-3649,C
1982-3703,A2
1982-422X,B4
1982-4785,B4
1982-5153,A1
1982-5269,A2
1982-5498,A4
1982-5587,A1
1982-5765,A1
1982-6125,A2
1982-6907,B2
1982-7687,B2
1982-873X,A2
1983-0823,B2
1983-0882,C
1983-1358,A4
1983-1838,B2
1983-196X,A1
1983-2664,B3
1983-3288,A1
1983-3482,A4
1983-3652,A1
1983-5116,A4
1983-5442,B2
1983-5604,C
1983-5930,B1
1983-716X,B1
1983-8026,B4
1983-8611,A3
1983-9294,A3
1983-9308,B2
1983-9391,B1
1984-042X,A3
1984-0446,A2
1984-0462,B1
1984-2430,B3
1984-2902,A4
1984-3011,B3
1984-3143,A2
1984-3240,B2
1984-3526,B1
1984-3534,B4
1984-431X,B1
1984-4387,B1
1984-4689,B1
1984-4867,A4
1984-557X,B1
1984-6290,B1
1984-6444,A1
1984-6576,B1
1984-686X,A1
1984-7246,A3
1984-8226,A2
1984-8234,A1
1984-8412,A1
1984-8420,A4
1984-9001,B3
1984-932X,A1
1984-9540,A2
1988-2041,A2
1988-3064,A4
1988-5245,B2
1988-7833,C
1988-8996,A3
1989-1660,A1
1989-4155,C
1989-5488,A4
1993-4912,B3
1993-5250,C
1996-1073,A4
1999-4893,C
1999-4907,A2
1999-4915,A2
1999-4923,A2
1999-5431,B2
1999-5903,C
2001-0370,A1
2001-1326,A1
2005-4092,A2
2005-5447,A4
2007-2120,A4
2008-9163,A3
2010-0248,B2
2010-135X,A4
2027-0097,C
2036-7481,B2
2036-9913,A2
2040-2244,A3
2040-2570,B3
2040-7939,A2
2040-7947,A2
2041-1480,A4
2041-1723,A1
2041-210X,A1
2044-0839,A2
2045-2322,A1
2045-3701,A2
2045-7022,A2
2045-7634,A2
2045-7758,A3
2046-1402,A2
2046-2069,A2
2047-217X,A1
2047-2501,A1
2047-4938,A3
2047-7473,A4
2047-7481,A4
2047-9700,A1
2050-1242,A2
2051-1310,A2
2051-1329,A2
2052-0336,B2
2052-0344,B2
2052-1537,A1
2052-4463,A1
2053-1583,A1
2053-9517,A1
2054-5703,A1
2054-7404,B1
2055-0278,A1
2055-0936,A4
2055-2076,A3
2055-3714,B1
2056-3485,A1
2056-6700,A2
2056-7189,A1
2057-1976,B1
2057-4991,A2
2058-9565,A1
2059-7908,A1
2071-1050,A3
2072-4292,A1
2072-6643,A1
2072-666X,B1
2072-6694,A2
2073-431X,C
2073-4360,A3
2073-4395,A2
2073-4409,A2
2073-4425,A4
2073-4433,A3
2073-4441,A4
2073-445X,C
2073-607X,C
2073-8994,A3
2074-9090,A2
2075-1680,C
2075-1702,B2
2075-4418,A2
2075-4426,A2
2075-4698,C
2075-4701,A3
2075-5309,A4
2075-9479,B3
2076-0930,C
2076-2607,A3
2076-2615,A1
2076-3263,A2
2076-3387,C
2076-3417,C
2076-3425,C
2076-393X,A1
2077-0375,A4
2077-0383,A2
2077-0472,A2
2077-1312,C
2078-2489,C
2079-3197,C
2079-4991,A2
2079-6382,A1
2079-7737,A2
2079-8954,C
2079-9292,B1
2081-9943,B1
2084-4840,B2
2088-5334,B1
2090-8105,C
2092-7193,A3
2093-369X,A4
2095-2228,A1
2095-9184,A3
2146-0957,A2
2146-4553,A2
2150-8097,A1
2150-959X,B4
2151-0032,A4
2151-4755,C
2152-2715,A1
2153-0793,A3
2153-3539,A4
2155-6849,A3
2155-7950,B2
2156-177X,B1
2156-3357,A2
2156-3381,A2
2156-5570,C
2156-907X,A4
2157-6904,A1
2158-2440,A1
2159-4627,C
2159-4635,C
2160-5912,C
2160-6455,A2
2161-3915,A3
2161-5063,A1
2161-6825,C
2161-7635,C
2161-783X,A1
2161-7856,A1
2162-2256,A1
2162-2337,A1
2162-2345,A1
2162-237X,A1
2162-2973,A4
2164-2591,A2
2164-5515,A2
2165-0497,A4
2165-7416,C
2167-8359,A2
2167-9495,C
2168-1171,A4
2168-2208,A1
2168-2216,A1
2168-2267,A1
2168-2291,A2
2168-2364,B1
2168-2372,A3
2168-6750,A1
2168-6777,A1
2168-6831,A1
2168-7161,A1
2168-8184,B1
2169-3277,A3
2169-3536,A3
2174-4289,A4
2175-053X,B3
2175-2095,B3
2175-2745,B4
2175-3369,A1
2175-3539,A1
2175-3598,B1
2175-3687,B2
2175-4411,A4
2175-4977,A4
2175-5361,A4
2175-6600,A3
2175-6783,A4
2175-7275,A3
2175-7402,A3
2175-795X,A1
2175-8069,A3
2175-8077,A4
2175-8239,A3
2175-9146,B1
2176-0144,A2
2176-0756,A4
2176-1523,B1
2176-171X,A3
2176-2988,A2
2176-4565,B4
2176-4603,A2
2176-4794,A3
2176-5111,A4
2176-5308,A4
2176-5634,A3
2176-6649,B4
2176-7114,A4
2176-7270,B2
2176-9036,B1
2176-9109,A3
2176-9133,A4
2176-9168,B4
2176-9745,B1
2177-1472,B2
2177-2789,B2
2177-2894,A2
2177-4285,A4
2177-6652,A4
2177-7691,A2
2177-7853,B3
2177-8310,A1
2177-8736,A2
2177-9309,A4
2177-9465,A4
2178-0013,A2
2178-0587,A2
2178-2075,A3
2178-2091,A4
2178-7085,B4
2178-7107,A4
2178-8030,A4
2178-8332,B2
2178-9010,C
2178-9061,A4
2179-0981,B1
2179-1074,A4
2179-1309,A1
2179-135X,B3
2179-1465,A3
2179-2895,B3
2179-3425,B1
2179-3433,B1
2179-4057,A3
2179-426X,A1
2179-460X,B1
2179-684X,C
2179-6858,C
2179-7374,A3
2179-7692,B1
2179-8451,B2
2180-1347,C
2182-1801,C
2182-4967,A3
2182-7796,A3
2182-9608,A3
2183-5462,A2
2184-562X,A3
2184-9021,C
2185-3118,A3
2189-3756,B3
2190-0558,A2
2190-0566,A2
2190-5983,A4
2190-7188,A3
2190-8508,A4
2192-113X,A2
2192-4376,A3
2192-4406,A3
2192-6611,A1
2192-6670,A2
2193-1127,A2
2193-567X,A1
2193-8245,A3
2194-9050,B1
2195-1721,A4
2195-3880,A4
2195-3899,A4
2195-4194,A1
2196-1115,A1
2196-7091,A1
2196-7237,A4
2197-9553,B3
2197-9995,A1
2198-5812,A2
2198-6053,A1
2199-4676,A2
2199-8531,A1
2199-899X,B1
2202-3518,B2
2210-142X,B2
2210-4968,A2
2210-5379,A1
2210-6502,A1
2210-6707,A1
2210-7703,A1
2211-1662,A1
2211-1670,A1
2211-2855,A1
2211-3797,A3
2211-5242,B2
2211-6753,A2
2211-6923,A3
2211-8837,A2
2212-4403,A2
2212-7984,A3
2212-8689,A1
2213-1337,A4
2213-1388,A1
2213-5979,A1
2213-624X,A2
2213-7165,A2
2214-2096,A2
2214-2126,A1
2214-2894,A1
2214-3173,A1
2214-4269,B1
2214-5095,A1
2214-5796,A2
2214-7160,A1
2214-8604,A1
2215-0161,A2
2215-0986,A1
2215-3411,B2
2216-0159,A1
2218-1989,A4
2218-273X,A2
2218-6581,C
2220-9964,C
2221-870X,B1
2223-4292,A3
2224-2708,C
2224-5766,A4
2225-1146,A3
2226-4310,C
2226-5856,A1
2227-7080,A4
2227-7102,C
2227-7390,C
2227-9032,A3
2227-9059,A2
2227-9709,C
2227-9717,B1
2230-8776,B4
2230-9926,C
2231-007X,B3
2231-1963,C
2231-525X,B4
2231-5381,C
2233-7857,C
2234-943X,A3
2235-2988,A2
2236-0093,C
2236-0158,B2
2236-0700,B3
2236-0972,A4
2236-1057,B4
2236-1170,B2
2236-2207,A1
2236-269X,B4
2236-3297,A4
2236-417X,B1
2236-5222,B1
2236-5753,A4
2236-5834,B1
2236-6784,B4
2236-9929,A3
2237-0072,B3
2237-0153,B2
2237-0315,A2
2237-1036,A1
2237-1346,A3
2237-1966,B1
2237-2083,A1
2237-2903,B4
2237-3195,C
2237-3713,B1
2237-4450,A4
2237-4558,A4
2237-5112,B4
2237-826X,A2
2237-8642,A3
2237-9185,A2
2237-9223,A2
2237-9622,A2
2237-9851,B4
2238-0507,B4
2238-0515,B4
2238-1279,A2
2238-2097,A2
2238-2380,A4
2238-2542,B1
2238-2763,C
2238-3603,A2
2238-4782,A2
2238-5800,A2
2238-6963,B3
2238-7315,A2
2238-8079,A4
2238-8753,B1
2238-8893,B1
2249-0868,C
2249-4618,B3
2249-6645,C
2250-3765,B2
2252-8938,A4
2254-7630,C
2255-2863,B2
2263-8733,A3
2278-0181,C
2278-067X,C
2278-1307,B2
2278-4721,C
2278-487X,C
2281-3993,A3
2286-4822,C
2291-9279,A1
2291-9694,A2
2292-9495,A3
2296-2360,B1
2296-2565,A1
2296-2646,A2
2296-424X,A4
2296-634X,A1
2296-665X,A3
2296-6846,C
2296-701X,A3
2296-858X,A2
2296-875X,B1
2296-889X,A2
2296-9144,C
2297-055X,A3
2297-1769,A1
2297-8747,C
2300-7451,A3
2304-0106,A4
2304-6732,A4
2304-8158,A2
2305-6290,C
2305-6703,C
2306-0212,B3
2306-5354,B1
2306-5729,C
2306-6172,B2
2307-1885,B1
2307-2113,A3
2310-5070,A4
2311-5521,C
2313-433X,C
2313-4402,C
2313-4410,C
2313-8734,B2
2314-6141,A2
2316-1493,A4
2316-3127,B3
2316-3712,B2
2316-3801,A2
2316-3828,A3
2316-4522,B3
2316-4891,B1
2316-6517,B2
2316-6614,A2
2316-6746,A4
2316-770X,A4
2316-7963,A3
2316-9036,A1
2316-9141,A1
2316-9281,B1
2316-9451,B3
2316-9834,B1
2316-9907,A3
2316-9915,B1
2317-0026,A4
2317-0093,A3
2317-0115,B3
2317-0840,B2
2317-1782,A3
2317-269X,B2
2317-434X,B4
2317-4536,C
2317-5451,B2
2317-5907,B3
2317-6121,A3
2317-6369,B1
2317-6377,A4
2317-6385,A4
2317-6431,B1
2317-6636,B2
2317-6822,B3
2317-904X,A2
2317-918X,A3
2317-9511,A3
2317-9937,A1
2318-0331,A3
2318-0692,B2
2318-0722,A4
2318-0889,A1
2318-2369,B3
2318-2962,A1
2318-3160,A2
2318-5694,A4
2318-7344,B1
2318-7670,B1
2318-7999,A2
2318-8472,A2
2318-8839,A3
2318-9975,A4
2319-0612,A3
2319-0639,B2
2319-0817,A2
2320-0057,C
2320-0243,B3
2320-8430,B2
2326-0254,A1
2326-7461,C
2326-7550,B2
2327-4662,A1
2327-4697,A1
2327-5219,C
2327-5634,B2
2328-8957,A3
2329-423X,A1
2329-4302,A4
2329-924X,A1
2329-9274,A1
2329-9290,A1
2330-1643,A1
2330-2674,A2
2331-1916,A3
2331-1975,A1
2332-7790,A1
2332-8886,A2
2332-9017,A2
2333-5084,A2
2333-8334,A4
2334-0762,B1
2334-265X,A1
2335-8971,A1
2340-860X,A1
2349-6495,C
2351-8014,B1
2352-1465,B1
2352-152X,A1
2352-2208,A2
2352-3042,A1
2352-4073,A3
2352-4677,A2
2352-4847,A2
2352-4855,A2
2352-5134,A1
2352-6483,A2
2352-7102,A1
2352-7110,A3
2352-8648,A1
2352-9148,A2
2352-9385,A1
2353-3390,B2
2357-707X,A4
2357-724X,B1
2357-8017,A3
2357-9226,A3
2357-9641,B3
2358-0763,A3
2358-2200,B2
2358-2286,B2
2358-2472,B1
2358-2898,A2
2358-6508,B4
2358-7482,B2
2358-7806,A2
2358-7814,A2
2358-8195,A4
2358-8322,A3
2359-0599,A3
2359-1412,B2
2359-1552,B1
2359-1919,B1
2359-232X,A3
2359-2494,A4
2359-277X,B1
2359-4292,B2
2359-4381,A3
2359-4748,B3
2359-4802,B3
2363-9512,A2
2364-0502,B1
2364-415X,A2
2364-7108,B2
2364-8228,A2
2365-9440,A1
2366-5971,B1
2369-2960,A1
2369-3762,A1
2374-0353,A1
2375-2548,A1
2375-4931,A4
2376-3639,A4
2376-5992,A2
2377-3766,A1
2377-3782,A1
2378-0231,A1
2378-962X,A2
2379-5077,A1
2379-8904,A1
2382-3704,B4
2386-8570,C
2391-6060,B3
2397-3374,A1
2397-3498,B3
2398-6247,A2
2399-3642,A1
2399-4908,A4
2399-8083,A1
2399-8091,A1
2405-8440,A2
2405-9595,A1
2411-2933,C
2411-3123,C
2411-5134,C
2414-4088,C
2415-6698,C
2430-3658,C
2436-8539,C
2444-8729,A3
2446-4740,A4
2446-7634,B3
2446-774X,A2
2446-8738,B3
2446-9424,A2
2446-9491,A1
2446-9580,A3
2447-0740,B1
2447-0961,C
2447-2573,B3
2447-2689,B1
2447-3073,A2
2447-4193,A1
2447-5246,A3
2447-5580,B2
2447-6811,B3
2447-7451,B2
2447-8733,A3
2447-9047,A4
2447-9187,B2
2447-9926,B1
2448-0916,A3
2448-0959,C
2448-167X,A4
2448-1904,C
2448-2889,B2
2451-9588,A1
2452-0144,B2
2452-2198,A2
2452-2929,A2
2454-2008,C
2454-4698,C
2456-1908,C
2456-2165,C
2458-9403,C
2462-8603,A1
2468-0427,A2
2468-0540,A2
2468-0672,A3
2468-4376,B3
2468-6964,A1
2469-7281,A3
2469-9926,A2
2469-9950,A2
2470-0045,A2
2470-6566,A2
2471-2531,A1
2471-2566,A3
2471-2825,A1
2471-2833,A1
2471-285X,A1
2472-1751,A1
2473-2400,A1
2473-2907,A4
2473-9529,A1
2475-1456,A2
2475-1472,A3
2475-1502,A3
2475-4455,A2
2475-9066,A1
2476-1249,A4
2476-1508,B1
2500-6177,B2
2500-7645,A4
2504-0537,C
2504-110X,A1
2504-2289,C
2504-284X,C
2504-446X,A4
2509-4971,A1
2510-2044,A2
2515-0464,A4
2515-4184,A3
2515-4230,A4
2516-6425,B2
2517-5025,A2
2517-5599,A1
2520-8454,B2
2520-8497,B4
2522-5839,A1
2523-3939,A4
2523-3963,A1
2524-4671,A1
2524-4906,A1
2524-6372,A1
2524-8154,A3
2525-3166,A4
2525-3263,B2
2525-328X,A4
2525-3409,C
2525-3468,A3
2525-3522,A3
2525-3654,C
2525-376X,B3
2525-4146,B4
2525-4251,B2
2525-4332,B1
2525-4553,B1
2525-4782,B2
2525-5304,A1
2525-6092,B2
2525-7757,A1
2525-815X,B2
2525-8222,A1
2525-8761,C
2525-9555,C
2525-9563,B4
2526-1010,B1
2526-2149,A3
2526-2289,B3
2526-3528,B3
2526-4036,B2
2526-4281,A2
2526-5830,B2
2526-6136,A2
2526-6578,B4
2526-8236,C
2526-8384,B3
2526-9038,A2
2526-9461,B2
2526-9542,A3
2526-9747,B2
2526-9798,B4
2527-1075,A4
2527-2675,A3
2531-1379,A4
2542-6605,A1
2560-6921,A1
2561-326X,A4
2561-3278,B3
2561-9128,B2
2569-2925,A1
2571-5577,C
2571-631X,C
2571-9408,C
2573-0142,A1
2573-5152,A1
2573-7147,B3
2573-9468,A2
2574-0970,A2
2576-098X,B2
2576-3164,A3
2576-3199,A4
2576-5337,A3
2578-1863,A2
2581-9615,C
2582-3191,C
2589-7217,A1
2590-0056,A3
2590-0374,A3
2590-1184,A4
2590-2911,A1
2591-5312,B2
2594-3553,B4
2594-3901,A4
2594-4754,B1
2594-4827,A3
2594-7036,A4
2594-8288,A4
2594-8849,B2
2594-9004,A3
2594-9020,B3
2594-9888,B3
2595-0622,C
2595-1084,B4
2595-3621,C
2595-4490,A3
2595-4644,B4
2595-5217,B4
2595-573X,B1
2595-5748,C
2595-668X,A4
2595-6825,C
2595-7376,A2
2595-8178,B1
2595-8402,B2
2595-9204,B2
2595-9611,B3
2596-058X,A3
2596-061X,B3
2596-1934,C
2596-2701,B2
2616-8375,B2
2624-599X,C
2624-6511,C
2624-7402,A2
2624-8212,C
2624-831X,C
2624-8921,C
2624-909X,C
2624-9898,C
2626-8493,A3
2630-5194,B4
2631-3316,C
2631-7079,B2
2631-7680,A1
2631-9810,B1
2631-9829,B1
2632-072X,A1
2632-2153,A1
2632-6582,A3
2633-6693,A3
2634-3797,A4
2635-0041,A3
2637-6407,A1
2637-6415,A4
2639-0175,A2
2640-3498,A2
2641-0281,B2
2641-435X,A1
2642-1577,B2
2642-2859,B2
2643-1564,A1
2643-4512,B4
2644-1225,A4
2644-125X,A1
2644-1268,A1
2644-1330,A1
2645-9248,C
2658-5316,B2
2661-8907,A2
2662-9283,B1
2662-9399,A3
2662-995X,A2
2662-9992,A1
2665-9638,B2
2666-0164,A1
2666-1438,A4
2666-1667,B1
2666-2817,A1
2666-3546,A1
2666-3899,A1
2666-5212,A3
2666-5395,A2
2666-5441,A3
2666-5573,A1
2666-7207,B1
2666-7649,A2
2666-8270,A2
2666-8319,A2
2666-9129,A3
2666-920X,A1
2666-9900,A4
2667-0313,A3
2667-0968,A1
2667-1026,A2
2667-1131,A4
2667-193X,A2
2667-2901,B1
2667-3053,A2
2667-3185,A4
2667-3452,A1
2668-3245,B3
2673-253X,A3
2673-2688,C
2673-3951,B2
2673-4001,C
2673-4052,B2
2673-4087,C
2673-4117,B3
2673-5067,C
2673-530X,C
2673-5601,A4
2673-611X,A4
2673-6268,B3
2673-6284,B2
2673-7086,C
2673-7515,B4
2673-7647,A3
2673-8007,C
2673-9909,C
2673-9984,C
2674-0338,C
2674-113X,C
2674-5895,B2
2674-5976,A4
2674-8703,A4
2674-9297,C
2674-9564,B3
2675-021X,B4
2675-1488,C
2675-1828,A4
2675-1909,A3
2675-1933,A4
2675-2824,B2
2675-3375,A3
2675-4126,B3
2675-4630,B2
2675-5211,B2
2675-5459,C
2675-6218,A4
2675-6404,A4
2675-6722,A4
2675-8008,B3
2675-8865,B4
2675-9128,B2
2675-9462,A4
2676-0029,B2
2684-4443,C
2688-3007,A2
2688-6146,B2
2690-1307,B4
2691-1914,A3
2691-4581,A2
2694-1015,B2
2694-1783,A4
2695-6578,B2
2706-5448,B2
2709-4111,B2
2709-8028,A3
2713-3745,B2
2730-5953,A3
2730-664X,A2
2730-7239,A2
2730-7492,B2
2730-7727,A3
2730-7794,B3
2731-0809,A4
2731-6955,B3
2731-9687,B3
2731-9997,A2
2732-5121,A4
2752-6542,A2
2754-6993,A3
2763-6925,B3
2763-7719,A4
2763-8960,B1
2763-9290,C
2764-0159,B3
2764-0981,C
2764-1317,A4
2764-1759,B4
2764-2216,C
2764-3727,C
2764-4111,C
2764-4537,B3
2764-6963,C
2764-8044,B2
2764-9490,C
2766-1334,B3
2766-7820,B3
2769-3457,C
2770-3541,B3
2770-6699,B2
2770-9019,B2
2771-9359,A3
2772-3755,A1
2772-4425,A4
2772-5081,A4
2772-5286,B1
2772-5693,B1
2772-6533,B3
2772-6622,A1
2772-9060,B4
2773-0506,B4
2775-2658,B1
2777-5860,B2
2790-1939,B4
2790-5284,C
2804-7303,B1
2810-773X,C
2810-9619,B3
2810-9821,B3
2813-2203,C
2813-2998,C
2813-6780,C
2816-8089,B3
2822-7840,A2
2831-316X,B2
2831-4085,C
2832-4463,B3
2835-6896,C
2836-5968,C
2836-6573,B1
2948-2933,C
2949-6977,B2
2949-7329,B3
2949-7612,B4
2949-8910,B3
2965-159X,B4
2965-1778,B2
2965-6931,B1
2966-3938,C
2972-4619,C
2977-0424,B3
2982-0308,C
2994-970X,B3
2996-1394,C
3004-8680,C
3005-3862,B2
3006-5496,B3
3029-2387,C
3050-4546,C
8755-1039,B1
