schema_versao,qualis_input_id,acao,qualis_registro_id,justificativa,decidido_por,decidido_em,politica_versao
1,26d3918ed2419eff9472196e,ASSOCIAR,81b6be18c2fd968946997247,"IEEE World Forum on Internet of Things (WF-IoT), special session TIEoT; nome, sigla e dominio (IoT/edge) coincidem com o registro local WF-IoT.",eu,2026-08-31T15:00:00-03:00,2
1,804f182f07ae00bb0e94ec60,ASSOCIAR,86faaa646af8c4060434ff0f,Nome do evento informado e identico ao oficial 'International Conference on Information Technology & Systems' (ICIT&S); ano 2023 usa quadrienio 2021-2024 (estrato B4).,eu,2026-08-31T15:00:00-03:00,2
1,3a923400ea91f23fe46f4104,ASSOCIAR,76e4d42b22e2374ed8908f33,"Anais Estendidos do SBRC 2024; mesmo evento do Simposio Brasileiro de Redes de Computadores e Sistemas Distribuidos, apenas com nome parcial nos anais estendidos.",eu,2026-08-31T15:00:00-03:00,2
1,688de72cad9eae98b622d2cf,ASSOCIAR,2f5e383f9e3408081704c6f8,"Nome coincide com 'International Conference on Formal Ontology in Information Systems' (FOIS), evento consolidado na area de ontologias em que o docente atua.",eu,2026-08-31T15:00:00-03:00,2
1,6e9e2fd7897c05154071e135,ASSOCIAR,e551b4399144fa39b3b9e006,WTDO e workshop satelite do ONTOBRAS (Seminar on Ontology Research in Brazil); nome do evento cita ONTOBRAS 2024 explicitamente.,eu,2026-08-31T15:00:00-03:00,2
1,729a8029af7fedd129c59cd1,ASSOCIAR,81b6be18c2fd968946997247,"IEEE World Forum on Internet of Things (WF-IoT), special session Ami; nome, sigla e dominio (IoT/edge) coincidem com o registro local WF-IoT.",eu,2026-08-31T15:00:00-03:00,2
1,7bb583816df1ddb6a61db889,ASSOCIAR,d93f7f942bc90696b747bfb5,Nome identico ao oficial 'Brazilian Symposium on Software Quality' (SBQS 2024).,eu,2026-08-31T15:00:00-03:00,2
1,7fafbdf2d09035e26706d57c,ASSOCIAR,76e4d42b22e2374ed8908f33,Salao de Ferramentas e trilha do SBRC; mesmo evento do Simposio Brasileiro de Redes de Computadores e Sistemas Distribuidos (confirmado pelo DOI 10.5753/sbrc.2024.1366 compartilhado com outras ocorrencias do mesmo trabalho).,eu,2026-08-31T15:00:00-03:00,2
1,c908cc664596f25dc302b7f0,ASSOCIAR,46b87ce75aef7247cbbd92c2,IMXw e a trilha de workshops do ACM International Conference on Interactive Media Experiences (ACM IMX); mesmo evento-mae.,eu,2026-08-31T15:00:00-03:00,2
1,8137d5af2128880d3119e81b,ASSOCIAR,ea791a3293d9393e80a7bb62,"Nome identico ao oficial 'IEEE International Conference on Blockchain'; nao e o ICBC (Blockchain and Cryptocurrency), evento distinto.",eu,2026-08-31T15:00:00-03:00,2
1,8d2b0787fe2bd7cd445f7680,ASSOCIAR,687f3ace009e104bcfe678d0,Nome e sigla coincidem com 'IEEE International Conference on Advanced Information Networking and Applications' (AINA-2023).,eu,2026-08-31T15:00:00-03:00,2
1,ac99a8254e8584890b7e1f4c,ASSOCIAR,ffd380f6a3d27eca9f0a4e46,"SC24 e a edicao do International Conference for High Performance Computing, Networking, Storage and Analysis (SC); trabalho publicado nos workshops do evento-mae.",eu,2026-08-31T15:00:00-03:00,2
1,9424822bb787484b9c7c09c5,ASSOCIAR,2335d9118156f74458e0c6e3,Nome identico ao oficial 'Simposio Brasileiro sobre Fatores Humanos em Sistemas Computacionais' (IHC 2023).,eu,2026-08-31T15:00:00-03:00,2
1,a8dfda8562ce211c56f3f707,ASSOCIAR,fe5e0518f46c54e3a8c84541,DOI SBC 10.5753/courb.2024.3377 identifica o artigo como publicado no CoUrb (Workshop de Computacao Urbana / Workshop of Urban Computing).,eu,2026-08-31T15:00:00-03:00,2
1,ab2f0053f0f572e8333d2a5f,ASSOCIAR,4439d1897488adfd1dae73e7,"Texto do evento e artefato de raspagem de capa de livro ('Book cover Book cover'); nome subjacente e 'International Conference on Computational Science and Its Applications' (ICCSA), identico ao registro local.",eu,2026-08-31T15:00:00-03:00,2
1,b640e71714709c329918a3f3,ASSOCIAR,fe5e0518f46c54e3a8c84541,Mesmo evento 'Workshop de Computacao Urbana' (CoUrb) de outra publicacao do mesmo grupo de pesquisa em 2023; consistente com a associacao acima.,eu,2026-08-31T15:00:00-03:00,2
1,cb832e579a751d9f3d742d5b,ASSOCIAR,1367d0fb70e5cb31f5739511,Nome e sigla coincidem com 'IEEE Conference on Network Softwarization' (NetSoft 2023).,eu,2026-08-31T15:00:00-03:00,2
1,fbe8cbe85c1262a610b950e0,ASSOCIAR,fd8ce760c42348163a8e3272,"Nome identico ao oficial 'Simposio Brasileiro de Sistemas de Informacao' (SBSI), XIX edicao.",eu,2026-08-31T15:00:00-03:00,2
1,0860476f0d873d671391f51b,SEM_CORRESPONDENCIA,,Encontro Regional de Informatica (ERI-ES) e evento regional da SBC nao classificado individualmente na base Qualis Computacao; nenhum candidato da base corresponde ao evento (scores <48).,eu,2026-08-31T15:00:00-03:00,2
1,0aa6d14d220928cd491fe8f7,SEM_CORRESPONDENCIA,,"Congresso Nacional de Arquivologia (CNA) e evento de Arquivologia, fora da area de Computacao; candidatos retornados sao de areas distintas (matematica aplicada, IA).",eu,2026-08-31T15:00:00-03:00,2
1,1513c0a0035cb4ea699149a1,SEM_CORRESPONDENCIA,,"Campo de evento no curriculo Lattes contem o proprio titulo do artigo, nao o nome do evento; nao e possivel identificar o evento real a partir dos dados disponiveis (scores <22).",eu,2026-08-31T15:00:00-03:00,2
1,300f5be34eba35d1fb9e85bd,SEM_CORRESPONDENCIA,,"Mesmo problema de dado incompleto: campo de evento contem o titulo do artigo, nao o nome do evento; nao e possivel identificar o evento real (scores <24).",eu,2026-08-31T15:00:00-03:00,2
1,39f93f75d82633de3b60ba3f,SEM_CORRESPONDENCIA,,Escola Regional de Informatica do Espirito Santo (ERI-ES) e evento regional da SBC nao classificado individualmente na base Qualis Computacao local.,eu,2026-08-31T15:00:00-03:00,2
1,468f47fd586ffc3204b5990d,SEM_CORRESPONDENCIA,,WTestbeds e workshop especifico sobre testbeds de rede sem registro proprio identificavel na base Qualis Computacao local (melhor candidato com score 44.9).,eu,2026-08-31T15:00:00-03:00,2
1,533f7498ecc26884bbe207b3,SEM_CORRESPONDENCIA,,"Encontro Regional de Matematica Aplicada e Computacional (ERMAC) e evento regional de Matematica Aplicada, fora da area de Computacao.",eu,2026-08-31T15:00:00-03:00,2
1,f0c4a4bef68b885004237de4,SEM_CORRESPONDENCIA,,"CHIRA (Computer-Human Interaction Research and Applications, INSTICC) nao esta presente na base Qualis Computacao local; nenhum candidato retornado corresponde ao evento.",eu,2026-08-31T15:00:00-03:00,2
1,8a35b2b6d56762d3e4444e21,SEM_CORRESPONDENCIA,,"International Symposium on Project Approaches in Engineering Education (PAEE) e evento de Educacao em Engenharia, fora da area de Computacao.",eu,2026-08-31T15:00:00-03:00,2
1,96a10e9e3438116c18e59382,SEM_CORRESPONDENCIA,,"International Technology, Education and Development Conference (INTED, IATED) e evento de Educacao, sem correspondencia na base Qualis Computacao local (melhor candidato com score 74.5).",eu,2026-08-31T15:00:00-03:00,2
1,c135306b16e7d87eeec817f5,SEM_CORRESPONDENCIA,,"CBEB (Congresso Brasileiro de Engenharia Biomedica) e evento de Engenharia Biomedica, fora da area de Computacao; candidatos retornados sao de areas distintas.",eu,2026-08-31T15:00:00-03:00,2
1,c473a71372b10f0778ff2548,SEM_CORRESPONDENCIA,,"Colombian Conference on Computing (CCC) e evento regional latino-americano sem registro proprio na base local; candidato 'CCC' da base e a IEEE Conference on Computational Complexity, evento homonimo mas distinto.",eu,2026-08-31T15:00:00-03:00,2
1,c58b620fbc810ef297eec92f,SEM_CORRESPONDENCIA,,"Encontro Regional de Matematica Aplicada (ERMAC) e evento regional de Matematica Aplicada, fora da area de Computacao.",eu,2026-08-31T15:00:00-03:00,2
1,c96abf4de1445807bc5e3ad0,SEM_CORRESPONDENCIA,,Trends in Enterprise Architecture Research (TEAR) e workshop satelite do EDOC sem registro proprio identificavel na base Qualis Computacao local.,eu,2026-08-31T15:00:00-03:00,2
1,da8d814e10fcbb553f3da321,SEM_CORRESPONDENCIA,,"Concurso de Teses e Dissertacoes e uma trilha de premiacao, nao um evento cientifico com registro Qualis proprio.",eu,2026-08-31T15:00:00-03:00,2
1,eed88d048ef7e7ef6352e3c9,SEM_CORRESPONDENCIA,,Asia Pacific Workshop on Networking (APNET) nao esta presente na base Qualis Computacao local; nenhum candidato retornado corresponde ao evento.,eu,2026-08-31T15:00:00-03:00,2
1,fa4a17d4685cd1553b10bb03,SEM_CORRESPONDENCIA,,"Congresso Nacional de Arquivologia (CNA), mesma publicacao de area de Arquivologia ja registrada como sem correspondencia; variacao de encoding do nome do evento gera qualis_input_id distinto.",eu,2026-08-31T15:00:00-03:00,2
